교통량,평균속도
688,98.78
681,100
353,99.01
263,100.67
216,94.5
346,90.82
658,93.92
792,93.61
1257,93.02
1676,93.92
2281,93.62
3250,90.75
3311,89.75
3141,86.58
3316,88.68
3456,88.69
3513,87.73
3013,88.42
2388,91.45
1956,93.89
2016,92.48
1885,95.33
1285,98.2
793,100.01
466,101.26
291,97.65
165,101.37
93,93.29
229,89.45
366,93.12
845,93.04
1259,94.8
1981,93.05
2225,93.24
2566,91.4
3447,88.21
3781,87.03
3704,83.64
4015,84.5
4066,83
3950,86.4
3706,84.43
3114,88.62
2310,91.8
2323,92.66
2140,95.64
1323,81.41
850,93.14
506,94.36
321,97.63
235,94.66
174,93.32
167,92.47
332,94.32
481,95.4
754,93.52
1087,95.94
1607,97.25
2028,95.42
2459,92.92
3030,91.76
2980,90.4
3672,88.77
3681,87.11
3622,88.8
2965,89.44
2626,91.81
2265,93.35
2275,93.96
2098,95.46
1295,79.44
802,92.26
502,94.11
311,92.6
196,93.12
239,87.25
339,91.34
1491,88.97
4348,80.7
4589,59.85
4527,67.74
4151,85.16
3418,85.69
3174,87.19
3265,85.32
3252,83.78
2835,88.05
2313,84.01
2711,87.33
4664,49.52
4360,38.55
4203,37.41
3635,78.76
3268,87.17
1675,97.43
1079,96.4
658,99.57
400,99.32
245,97.55
269,93
373,92.41
1161,91.99
3422,84.87
4723,73.08
4617,77.34
4962,79.75
3284,81.63
2576,86.02
2696,83.51
2643,87.64
1211,102.06
1252,101.76
1300,101.1
780,110.18
889,107.22
572,111.72
494,113.64
381,118.23
184,118.05
90,120.5
70,120.22
30,116.69
35,119.38
19,112.14
34,115.11
209,112.92
1046,104.28
1389,93.73
1368,79.83
1373,99.49
1137,102.49
1081,105.08
973,106.86
994,107.06
1142,104.27
1045,105.23
1023,104.9
1010,105.71
746,109.31
417,92.32
246,45.53
232,44.64
245,46.11
93,52.68
94,55.74
53,66.08
42,61.22
51,64.56
81,60.44
243,61.64
618,47.63
606,11.65
633,26.94
796,62.36
893,67.68
1002,69.82
755,83.91
821,85.87
656,88.87
983,77.57
738,85.46
1002,80.36
482,86.49
406,92.06
313,96.45
215,96.83
126,102.49
58,102.65
40,98.35
22,97.59
24,100.66
22,92.85
30,93.51
181,97.87
888,86.49
1223,68.54
1276,77.63
1123,82.22
971,90.91
880,95.9
778,100.55
931,96.29
1101,94.47
1034,93.96
979,94.68
1061,89.31
670,98.02
755,101.04
679,102.11
494,106.24
257,109.04
130,108.28
75,110.5
50,111.34
34,102.23
31,111.99
31,112.22
110,106.69
230,104.01
401,101.81
605,104.21
721,100.84
1115,98.21
1090,101.97
1007,103.66
1043,104.02
1026,102.66
1125,102.19
1144,99.66
959,101.27
560,106.15
436,107.6
353,109.99
327,111.72
196,113.29
108,112.66
53,112.44
27,108.72
20,120.71
24,112.28
22,119.83
48,111.69
70,110.22
113,109.01
221,112.54
346,110.39
462,111.51
558,113.45
731,112.57
711,113.03
701,111.41
741,110.01
796,112.11
642,112.07
492,108.22
418,111.68
379,112.44
383,114.13
207,115.93
118,117.35
59,113.26
36,117.99
25,115.92
25,109.53
65,109.32
346,111.2
1254,71.74
748,11.65
758,12.6
1376,88.56
1022,101.75
998,104.64
1074,102.96
930,103.92
1193,102.2
1039,104.58
1013,105.89
890,104.76
715,104.16
535,107.9
430,109.68
357,111.42
160,119.5
85,116.46
56,117.6
35,111.32
28,110.49
28,108.83
51,107.78
231,110.23
1075,98.94
975,32.82
1060,25.51
1304,86.57
1293,95.69
1145,101.02
997,104.08
1296,100.58
1070,102.49
1189,94.4
893,93.14
944,90.94
896,91.14
572,92.27
395,103.09
265,107.04
130,108.23
67,108.22
45,105.57
30,103.49
27,102.41
19,107.09
34,106.41
205,103.58
1009,93.59
997,28.14
918,18.06
971,98.73
1144,97.54
989,101.18
984,102.47
540,103.91
1143,100.31
399,102.77
602,107.25
1104,101.22
620,105.2
611,106.99
464,110.02
404,112.31
209,116.88
117,119.16
67,114.13
36,116.67
29,118.54
28,112.51
62,110.96
237,113.34
1099,100.88
1146,52.46
989,28.18
1301,99.36
1161,94.71
1047,93.12
1084,106.84
1158,104.89
1152,105.49
1254,100.52
1087,103.96
948,106.05
996,102.24
535,111.09
600,114.89
472,115.58
210,119.79
130,117.06
81,118.12
42,121.25
40,114.62
39,117.94
43,114.95
245,115.37
1079,101.02
1110,46.57
1130,71.7
1357,98.38
1331,99.38
1149,102.49
1215,104.2
1066,104.59
1156,104.13
1082,101.27
1260,99.1
1223,98.23
1068,98.75
1025,102.22
991,107.35
768,110.85
343,117.03
183,120.67
99,119.31
59,120.03
36,115.84
35,119.03
49,112.66
136,112.64
260,111.86
490,109.82
693,112.81
984,109.79
1347,103.38
1349,103.3
1286,107.81
1321,104.8
1208,105.03
1012,107.46
1362,102.27
898,110.43
929,105.78
598,111.84
487,115.6
458,117.22
263,122.31
133,121.18
69,123.27
48,119.67
31,122.65
15,120.79
27,114.58
50,120.35
96,118.33
156,121.37
239,120.91
396,120.04
562,116.03
774,115.02
1099,114.38
1017,114.84
859,114.17
945,113.38
990,113.18
826,115.32
603,112.9
457,115.57
484,110.23
436,105.94
280,97.69
120,79.43
55,98.11
35,100.88
27,105.29
21,101.45
65,100.32
361,103.13
1209,85.08
901,78.99
736,92.02
896,95.57
835,97.91
750,102.31
730,105.14
707,106.05
931,99.46
828,102.35
568,102.03
785,104.9
593,105.29
388,112.13
371,112.52
271,116.23
140,116.64
69,114
50,115.77
32,117.81
21,115.2
29,111.26
38,111.97
208,113.18
1043,100.22
1229,95.55
930,43.1
1271,100.57
1386,98.07
1099,104.95
935,107.06
1001,105.91
1209,103
1204,102.27
1164,103.81
1119,103.96
1026,103.02
612,112.43
473,113.43
397,115.14
190,114.99
104,122.76
50,114.89
40,114.73
29,114.06
23,118.04
46,112.57
230,114.81
1075,103.78
1045,35.26
972,28.01
1338,102.76
1334,98.85
1129,106.39
935,108.87
791,110
936,106.82
1198,102.19
1533,96.6
1332,103.81
967,105.27
788,107.55
698,114.05
467,117.68
242,119.1
139,120.45
80,123.17
50,118.73
34,116.87
25,116.82
58,112.18
223,113.37
1076,103.97
1124,45.82
1009,54.33
1467,98.73
1290,101.83
1016,106.95
1130,104.62
1250,103.83
1242,95.44
1397,88.93
1148,92.79
1185,90.78
923,89.73
814,93.85
651,101.22
451,106.15
236,106.61
130,114.85
66,116.42
47,111.94
28,111.62
17,111.51
49,108.51
243,112.97
1085,101.06
1047,39.38
1026,45.83
1361,101.14
1326,101.31
1265,102.49
1157,104.66
1057,105.81
1265,101.06
1429,100.57
1509,97.26
1155,102.97
1073,101.92
974,104.51
876,110.58
812,112.65
392,120.08
174,122.91
111,123.73
64,123.01
47,112.6
27,116.51
39,118.33
161,115.13
389,114.12
496,113.29
704,114.69
1030,109.57
1405,104.47
1367,106.52
1414,106.39
1234,109.12
1172,110.21
1272,109.12
1410,107.24
1187,109.62
744,112.11
595,118.52
498,118.59
465,119.83
240,122.73
125,127.07
71,125.5
44,124.21
39,121.56
21,118.23
10,124.58
44,119.31
106,119.18
150,122.97
284,122.45
444,120.83
642,119.87
926,117.3
1067,117.52
921,117.39
818,116.43
963,114.58
950,115.56
761,114.58
518,116.14
542,115.05
549,117.22
530,119.38
347,122.34
169,126.82
80,122.73
49,124.02
30,120.5
46,118.38
60,116.16
453,117.68
1149,72.35
1142,30.06
1016,21.6
1143,101.19
1219,104.32
1014,108.7
1007,108.38
1032,110.84
1185,106.4
939,101.03
2900,69.36
3934,44.04
3466,28.08
3572,32.41
3438,60.84
3295,79.18
2125,93.05
1114,102.88
660,104.92
431,106.75
259,103.74
226,100.53
255,96.81
963,97.05
2596,87.71
3690,74.1
3950,67.04
3700,63.22
3453,62.94
3443,65.03
3530,64.28
3222,70.76
2314,75.4
3260,69.2
3359,52.68
3512,33.31
3167,23.26
3349,28.11
3416,58.05
3343,76.45
2180,89.29
1109,101.28
709,104.34
355,105.81
252,103.86
197,100.96
255,99.3
963,97.91
2548,88.14
3786,75.43
4071,61.49
3762,67.41
3388,73.88
3321,76.45
2873,80.52
2964,78.96
3039,77.8
3346,74.35
3738,68.14
3838,42.04
3288,24.97
3381,27.86
3415,62.91
3517,73.71
2379,90.78
1223,102.21
736,106.53
425,105.19
277,101.98
224,102.74
299,101.59
939,98.13
2477,89.31
3744,73.72
3845,73.83
3495,76.31
2622,53.1
2732,54.97
2984,72.22
2471,79.1
2323,82.16
2565,81.27
3009,77.27
3733,67.21
3615,66.93
2846,79.21
2722,83.32
2934,83.11
1809,93.98
997,103.15
609,104.43
404,104.24
255,101.44
210,97.79
245,94.03
819,97.93
2214,89.65
3527,75.73
3648,77.9
3437,78.03
2893,77.7
2755,77.32
2771,77.62
2902,74.47
2899,75.15
2997,73.77
3693,58.64
3665,34.63
3181,23.48
3203,24.62
3290,44.62
3224,80.81
2604,87.15
1230,101.29
816,104.89
577,104.66
356,105.9
271,102.28
264,97.23
779,98.62
1398,92.65
1651,89.72
2263,86.23
2545,83.12
2795,80.71
3253,74.66
3559,45.2
3394,75.66
3690,69.78
3693,40.93
3426,65.59
3699,41.25
3262,67.01
2544,84.3
2319,87.41
2526,85.06
1632,96.94
947,102.75
592,106.05
349,105.13
220,107.36
163,106.42
155,98.95
295,100.29
523,98.33
755,96.92
1102,98.77
1700,95.66
2108,91.91
2422,88
2544,88.6
2959,81.8
3213,79.17
3141,79.47
3408,46
3155,79.06
2543,84.79
2239,88.14
2222,90.26
2242,91.39
1342,98.72
829,101.27
391,104.19
238,102.98
183,97.97
192,94.2
297,95.16
1140,94.02
3004,79.31
3899,54.92
3663,72.45
3501,74.54
3015,78.19
3013,77.62
2509,83.95
3002,74.07
2808,79.13
3247,75.19
3757,68.27
3984,46.38
3390,26.94
3328,26.75
3275,71.95
3283,80.49
2070,93.54
1066,102.6
616,107.51
436,103.81
208,103.83
184,102.3
262,101.12
886,97.53
2449,88.93
3781,75.9
4019,73.1
3670,75.41
3200,78.66
3126,76.96
3035,78.62
2933,78.46
3022,77.16
2983,74.6
3715,67.21
3957,44.03
3258,24.22
3359,27.96
3517,60.31
2935,34.59
2058,85.18
1062,96.88
602,103.11
372,104.2
238,101.59
189,98.93
261,99.13
636,97.66
441,88.68
3843,73.8
3765,75.93
3803,70.6
3561,71.53
3276,75.51
2124,78.64
2408,77.78
2701,76.51
3168,75.42
3840,54.6
3789,36.21
3202,22.48
3202,24.37
3022,61.61
2650,72.66
1351,76.18
723,88.77
382,75.34
276,86.14
199,89.36
155,83.83
175,79.89
705,80.66
2067,73.01
3184,63.59
3310,67.44
3156,70.71
2800,74.62
1971,78.27
2756,77.83
2685,78.52
2601,78.36
2913,77.3
3352,72.55
3874,48.04
3312,25.99
3336,40.42
2935,78.07
3176,76.94
2225,88.72
1166,99.72
688,103.17
400,103.71
271,100.02
244,98.34
262,97.83
965,95.09
2423,86.81
3631,74.07
3769,73.66
3716,72.02
3421,75.12
3460,72.06
3397,74.02
3317,66.51
3186,55.14
3576,59.23
3724,41.2
3359,26.45
3133,21.9
3194,23.89
3518,49.98
3679,62.61
2746,83.47
1450,97.89
835,102.53
549,106.25
340,103.34
272,101.14
280,100.74
775,97.02
1490,92.4
1934,87.7
2514,85.39
3027,79.81
3152,77.76
3704,48.01
3367,72.47
3609,69.03
3542,53.77
3559,58.9
3751,47.92
3564,50.34
3454,59.07
2678,81.06
2250,88.15
2536,85.47
1615,93.56
972,101.49
635,105.37
373,106.99
241,105.18
188,101.82
173,101.29
373,98.15
703,98.43
856,95.35
1248,98.03
1829,94.11
2185,90.85
2396,87.53
2686,86.57
2892,83.98
3023,81.74
3148,79.65
3107,80.79
3001,82.53
2490,85.77
2205,88.51
2181,91.11
2299,91.45
1381,98.66
798,103.94
409,107.69
262,104.65
190,102
156,99.15
275,98.48
1149,97.22
3040,85.96
4026,67.51
3815,74.22
3965,64.85
3380,55.02
2973,64.89
3394,74.52
3479,67.54
3165,76.91
3527,70.53
3851,60.75
3923,42.4
3337,24.78
3350,26.48
3667,37.68
3638,63.47
2560,87.82
1213,100.91
737,105.81
449,104.89
332,104.75
220,100.03
292,96.85
932,97.42
2545,86.72
3770,74.31
4078,65.81
3902,68.7
2804,65.62
3434,66.65
3667,69.63
3536,70.73
3451,72.07
3409,38.49
3627,38.46
3593,31.63
3187,22.63
3128,22.55
3464,31.3
3478,52.34
2676,85.58
1519,97.83
920,102.56
507,103.59
329,103.3
255,101.61
320,97.63
792,97.6
2271,89.23
3521,78.02
3723,75.02
3504,75.68
3250,76.62
3179,79.08
3250,76.82
3765,54.99
3712,41.36
3822,44.08
3434,31.55
3109,22.79
3137,22.79
2996,35.51
2819,80.73
2999,80.91
2606,84.61
1392,97.73
805,105.05
465,104.45
335,100.98
255,101.03
299,97.1
424,96
730,95.88
1135,94.14
1648,92.9
1980,90.61
2921,81.18
3303,76.54
3339,78.75
3324,75.82
2872,84
3130,79.7
2928,82.97
2908,83.62
2188,88.84
1847,91.32
1794,92.56
1939,93.67
1252,99.21
684,104.52
377,105.09
236,106.58
137,108.22
101,104.81
98,104.25
178,95.96
390,100.83
1153,98.52
1682,97.64
1752,96.75
2591,87.81
3479,73.53
3620,40.65
3547,40.67
3078,53.78
2873,75.59
3582,38.69
3391,63.11
2351,86.56
2146,88.88
2145,89.16
2215,89.64
1402,96.42
728,102.62
391,105.01
250,106.59
128,102.47
116,107.13
104,100.91
187,100.21
352,103
592,101.33
913,101.26
1516,96.19
2269,90.66
3340,71.12
3034,82.39
3392,77.61
3547,65.79
3105,80.01
3233,77.69
3003,82.77
2451,86.52
2006,90.85
2066,91.96
2312,89.22
1632,98.8
911,103.23
562,106.89
320,111.39
197,110.26
120,105.94
112,101.01
216,102.24
376,102.58
598,102.06
924,103.2
1453,98.76
1954,94.62
2236,90.69
2517,88.52
2805,85.41
2967,84.38
3420,70.26
3164,76.79
2836,84.7
2366,88.78
2212,89.78
2428,88.37
2224,92.16
1413,99.72
794,105.42
465,104.49
218,105.14
191,103.42
155,98.5
287,95.89
1019,94.76
2745,83.03
3696,67.78
3549,74.46
3419,75.19
3054,79.44
2900,81.18
2798,81.66
2730,82.61
2882,76.59
3114,68.25
3518,70.18
3883,47.09
3516,30.08
3531,33.05
3092,80.15
2821,84.84
2421,93.03
1175,101.66
671,104.78
370,104.44
258,107.07
196,100.02
284,99.11
932,96.85
2472,87.86
3869,69.46
3977,69.49
3747,71.98
3294,76.37
3105,71.5
2349,76.23
2972,54.77
3250,39.18
3433,48.97
3503,66.34
1122,54.21
1992,31.62
2827,78.1
2626,85.26
177,88.37
1011,72.48
3285,76.4
2827,80.72
2694,81.16
2861,78.74
2940,76.12
3104,74.85
3769,65.24
3909,48.87
3333,25.64
3407,31.44
3126,73.62
2986,82.4
2693,88.27
1417,101.2
741,105.78
417,103.07
318,102.15
212,100.82
285,97.42
844,97.44
2472,88.47
3879,74.66
3895,71.45
3556,73.9
3391,75.84
3611,65.43
3028,75.8
3084,77.5
3150,74.56
3243,73.01
3705,53.6
3817,39.29
3313,25.05
2865,20.84
3329,52.93
3059,81.77
2847,87.16
1582,99.19
818,103.77
479,104.64
311,103.5
226,96.39
295,97.9
905,96.34
2583,85.76
3827,74.13
3953,69.31
3612,73.15
3568,71.79
3545,73.45
3410,74.31
3399,73.18
3322,71.62
3711,62.36
3723,40.77
3463,28.24
3114,21.8
3058,21.18
3309,35.59
2904,80.61
2931,82.8
1706,95.88
858,103.08
585,103.44
384,103.16
301,99.72
321,97.71
836,96.35
1824,89.35
2009,89.02
2436,87.76
2836,84.41
3606,64.57
3717,53.14
3706,66.74
3626,62.55
3604,48.87
3611,50.31
3636,57.26
3481,45.44
3640,45.08
2952,72.86
2453,85.39
2313,89.23
2194,91.3
1215,101.51
690,106.97
387,106.11
249,107.81
177,105.32
178,98.91
378,100.32
791,99.95
896,98.97
1130,100.39
1754,94.3
2310,90.14
2696,86.02
2904,83.01
3193,78.78
3312,76.35
3392,76.26
3653,67.06
3606,50.26
2843,82.38
2413,87.38
2339,88.93
2232,91.73
1726,96.92
923,103.57
526,106.14
322,101.81
220,100.8
179,99.34
318,98.32
1214,96.57
3134,82.82
4096,47.01
3774,35.74
3728,69.88
3521,70.53
2851,81.5
3369,75.05
3440,72.94
3152,76.41
3516,68.86
3701,64.52
3901,42.94
3383,25.51
3425,29.06
3376,67.36
2988,78.87
2662,87.76
1345,101.55
701,106.63
416,104.85
267,105.18
192,105.19
275,97.03
958,98.04
2744,85.06
4083,46.56
3477,27.35
3728,38.69
3271,57.09
2919,62.85
3397,73.65
3499,69.03
3311,68.59
3464,69.69
3700,61.83
3804,39.89
3366,25.22
3425,28.34
3346,69.73
2934,83.36
2895,87.41
1476,100.93
11,117
57,116.81
146,117.64
218,103.87
306,97.27
943,97.47
2544,88.21
3790,77.79
3942,73.59
3942,60.03
3754,67.15
3680,66.34
3185,77.82
3395,74.21
3109,73.6
3227,64.53
3706,50.42
3721,34.99
3334,24.84
3454,30.55
3391,67.49
3130,81.76
2963,86.31
1585,100.41
848,106.61
486,106.55
298,105.48
228,102.6
295,98.58
967,97.29
2540,88.02
4033,72.49
3929,67.52
3793,71.83
3761,70.37
3829,44.43
3543,69.15
3380,73.5
3393,73.33
3693,58.69
3825,46.57
3862,39.45
3230,23.01
3256,25.63
3633,47.49
3237,79.75
2989,86.65
1724,99.86
832,106.88
522,105.1
307,104.92
251,102.59
331,99.05
986,97.07
2582,88.03
3888,74.86
3890,71.94
3760,70.33
3613,71.02
3349,75.55
3678,65.67
3749,43.6
3460,62.54
3717,40.53
3696,40.63
3404,26.83
3096,21.5
2492,14.68
3464,31.27
3372,58.57
3060,83.62
1941,95.9
1026,104.73
738,105.37
408,106.31
327,100.22
352,100.21
935,96.85
2057,91.1
2882,83.4
3366,78.4
3755,60.53
3736,59.22
3758,42.47
3388,35.18
3365,44.32
3260,29.47
3177,28.85
3095,23.87
3578,37.89
3396,30.86
3003,69.37
2930,79.14
2599,84.29
2510,88.22
1349,100.89
851,104.69
434,107.76
286,106.14
209,104.86
187,99.08
493,100.57
1007,97.43
1147,97.69
1328,97.65
2167,90.81
3133,79.78
3512,73.9
3835,46.43
3696,44.35
3659,42.11
3472,65.54
3684,43.08
3636,62.79
3290,74.42
2624,84
2333,88.33
2388,88.93
2113,93.7
1190,102.39
731,105
424,107.51
287,104.53
209,96.71
267,92.23
634,93.19
1199,88.62
1232,87.07
1302,86.97
1668,84.75
2115,79.31
2723,74.56
2871,72.43
2819,74.03
3141,69.05
3174,68.96
3279,57.28
3238,70.55
2465,78.61
2086,79.71
2009,82.79
1859,84.33
1550,86.23
769,92.07
458,96.01
242,98.27
207,98.28
163,97.51
268,96.17
1016,94.69
2955,80.61
4016,52.11
3584,48.64
3411,74.74
3191,78.36
3178,78.14
3186,76.66
3145,78.04
3000,78.48
3171,74.75
3328,74.44
3981,46.45
3681,33.13
3382,41.9
3247,76.37
2753,85.22
2687,88.59
1414,101.84
725,104.8
443,104.87
288,103.59
224,105.44
319,99.35
1007,96.15
2670,87.05
4195,65.4
3871,52.02
3841,64.7
3805,68.02
3104,76.21
2960,79.46
3345,74.47
2956,77.26
3200,74.18
3415,71.22
3945,46.06
3390,26.33
3454,31.61
3095,77.83
3096,81
2950,86.33
1660,99.84
836,106.6
453,104.73
284,106.18
189,103.47
344,100.92
1053,97.38
2820,82.76
3687,41.7
3793,73.16
3830,64.49
3323,74.89
3733,68.87
2993,78.68
3237,75.86
2989,75.47
3367,64.47
3745,63.52
3878,41.76
3452,27.42
3357,28.83
3031,79.4
3064,83.14
2979,87.01
1650,101.73
803,107.77
489,105.68
308,103.73
222,103.07
313,101.37
1075,97.25
2847,85.39
4140,71.16
3791,72.32
3784,71.63
3483,74.36
3069,79.67
3189,76.43
3067,77.89
3180,76.25
3616,62.48
3348,48.14
3733,39.94
3229,22.6
3194,23.83
3454,56.29
3025,82.84
2949,86.01
1941,96.59
1007,103.79
601,104.83
430,107.75
267,102.58
327,100.27
903,98.28
2043,90.73
2307,89.82
2480,88.27
2981,83.83
3438,77.76
3595,74.97
3645,68.68
3537,73.76
3549,67.54
3556,60.78
3465,50.8
3675,50.28
3190,65.47
2791,81.48
2372,86.82
2338,89.11
2219,92.81
1205,102
665,109.29
394,109.19
218,106.26
150,107.25
182,102.26
468,100.43
949,100.68
981,100.95
1181,98.95
1713,95.36
2426,90.3
2929,84.58
2918,84.39
3111,81.44
3314,76
3355,74.55
3608,67.83
3435,49.76
2748,84.08
2325,88.03
2419,88.87
2182,91.56
1816,95.5
1003,103.33
497,105
283,103.17
192,105.45
163,98.58
321,98.62
1309,95.6
3456,80.13
4031,38.23
3479,33.57
3921,64.45
3446,71.9
3011,79.55
3405,74.94
2891,80.21
2814,81.06
3330,73.17
3642,68.7
3985,48.01
3602,31.49
3435,38.79
3047,81.19
2994,84.25
2697,89.58
1372,101.85
736,106.72
413,106.41
275,102.87
255,100.37
305,97.27
1145,95.89
2916,84.79
4082,55.14
3701,62.09
3768,73.04
3616,70.84
3645,70.34
3013,78.43
2929,79.18
3064,75.85
3203,76.39
3692,64.95
3895,40.12
3419,25.31
3411,31.41
2967,80.32
2867,84.63
2898,88.63
1503,101.63
824,105.75
451,106.72
293,104.63
223,101.84
324,99.37
1072,96.27
2970,84.56
4151,71.29
3963,72.26
3933,62.84
3550,71.41
3454,73.73
3423,74.16
3056,78.62
2917,78.08
3230,73.67
3493,71.05
3854,40.58
3284,23.98
3370,27.09
3022,73.47
2964,83.26
2870,88.93
1604,101.79
863,107.66
487,106.16
255,108.04
230,100.23
321,100.67
1182,96.47
2877,86.89
4153,63.89
3864,69.71
3561,56.4
3298,68.99
3824,55.68
3032,78.86
2978,78.45
2916,79.19
3390,68.4
3771,55.87
3892,40.99
3454,26.68
3289,40.39
3059,80.56
2974,85.01
3016,87.26
1763,101.35
911,107.34
489,106.7
301,106.25
231,102.88
344,99.64
1163,98.31
2817,87.94
4140,71.73
3804,74.1
3694,73.26
3434,74.88
3687,72.47
3277,77.37
3244,75.6
3507,68.81
3637,51.57
3802,42.33
3543,31.3
3198,22.39
3235,24.73
3341,48.84
2866,83.61
2880,87.68
1940,97.84
947,104.71
573,105.91
368,106.31
280,104.64
356,101.08
1008,98.53
1978,93.33
2217,90.7
2543,87.93
2992,83.84
3421,77.46
3891,62.62
3509,73.85
3583,53.73
3134,64.45
3625,44.15
3510,69.61
3702,39.95
3445,69.38
2885,78.92
2495,86.06
2497,88.01
2381,91.13
1279,102.59
802,107.54
392,105.89
258,109.4
188,105.24
182,103.9
552,99.99
976,99.48
983,99.68
1150,100.27
1778,94.98
2614,87.53
3089,83.47
3021,83.35
3247,80.7
3473,74.87
3510,71.8
3637,50.38
3092,63.61
2988,80.85
2523,86.92
2588,86.89
2439,89.51
1901,95.34
1025,104.02
530,108.09
299,103.86
210,100.32
197,102.86
333,100.1
1310,95.89
3669,76.45
3847,34.68
3520,34.41
3693,74.36
3182,77.47
3592,72.21
3120,78.69
2902,81.31
2848,78.74
3161,77.17
3580,70.42
3533,53.2
3750,38.79
3389,27.55
2966,80.09
2742,86.76
2609,88.03
1341,97.36
788,96.04
430,98.45
277,97.95
220,98.69
336,97.49
1074,94.43
2901,84.94
4091,71.39
3955,73.1
3859,70.1
3463,75.94
3781,61.21
3105,78.37
3274,75.53
3050,77.45
3271,74.82
3667,65.69
3896,41.94
3456,28.22
3516,34.31
3355,77.23
2975,84.29
2941,87.14
1548,102.35
799,105.04
450,107.03
271,107.21
255,101.49
333,99.66
1160,97.92
3070,86.73
4179,71.37
3869,71.04
3880,67.08
3713,70.34
3730,50.59
3326,75.54
2967,79.2
2992,76.95
3175,59.5
3614,59.93
3829,38.67
3337,24.93
3504,29.65
3047,79.38
3077,82.17
2986,85.28
1659,101.2
859,105.85
463,106.12
291,107.05
247,102.05
342,99.26
1207,97.04
2965,87.99
4133,59.54
3736,42.07
3750,71.74
3700,66.52
3223,54.84
2825,56.26
3069,78.31
3163,76.71
3051,76.2
3713,59.7
3852,39.92
3308,24.33
3443,42.65
3266,78.42
2999,84.17
2970,87.99
1684,101.6
886,106.3
509,104.61
322,104.53
271,100.29
351,98.47
1247,96.85
2962,87.17
4118,68.77
3858,72.06
3593,75.57
3698,66.46
3680,61.12
3479,71.98
3333,74.02
3451,73.99
3716,47.66
3720,57.28
3479,30.19
3182,21.87
3198,23.91
3288,38.57
3030,82.12
3070,84.51
1909,97.35
1029,104.59
670,107.41
468,107.11
308,104.64
355,99.65
1061,98.41
1879,92.55
2018,90.78
2502,85.98
3003,77.63
3359,71.88
3784,54.09
3649,47.88
3576,54.46
3420,61.01
3585,44.55
3563,49.59
2807,41.26
3574,55.09
2572,77.88
2465,82.05
2343,85.44
2162,89.94
1175,99.6
679,104.9
382,107.32
250,108.95
193,107.37
194,104.61
561,101.37
965,101.19
1055,99.19
1104,99.75
1802,94.3
2608,86.92
2988,83.2
2949,85
3367,75.58
3484,74.23
3574,71.16
3613,44.08
3396,78.26
3093,80.67
2483,86.79
2478,87.13
2308,91.44
1896,96.11
937,104.95
529,108.61
276,103.03
228,101.52
185,103.72
322,99.33
1422,95.29
3741,75.93
3886,36.59
3483,47.44
3672,75.15
3210,77.08
3648,67.47
3279,77.2
3700,62.57
3248,74.87
3334,75.13
3142,43.89
3786,57.25
3485,28.57
3405,27.7
3069,79.42
2860,86.09
2723,90.2
1390,102.49
731,106.43
446,106.58
281,106.3
233,101.67
330,99.22
1197,98.11
3042,86.48
4176,67.68
3806,66.63
3933,65.67
3566,74.47
3483,76.25
3321,77.05
2801,81.4
2842,79.76
3120,75.23
3449,68.73
3790,44.71
3247,23.07
3505,31.14
3305,78.76
3004,84.28
2910,88.7
1567,101.41
803,107.5
525,106.15
293,106.22
251,99.67
317,99.23
1224,97.27
3006,87.57
4104,70.49
3896,69.28
3769,73.66
2761,44.32
3304,60.6
3426,74.35
2994,78.44
3053,77.91
1554,70.6
1913,44.12
3840,42.2
3358,26.09
3429,30.37
3059,78.91
3067,82.37
3060,86.37
1598,100.41
807,107.01
530,107.98
321,106.09
240,103.21
353,98.98
1234,96.65
3139,85.77
4108,40.96
3601,47.18
3990,60.47
3622,52.95
3520,72.99
3248,77.29
3056,77.71
3120,76.91
2878,60.86
3184,49.77
3731,44.29
3305,23.8
3576,34.22
3193,73.68
3038,82.47
2989,86.81
1666,100.08
848,106.91
524,106.82
313,105.41
277,102.21
349,99.32
1283,94.12
3039,85.31
3975,54.04
3738,66.94
3786,67.5
3537,75.31
3800,64.59
3378,75.18
3320,74.61
3445,69.51
2894,27.18
3737,49.84
3178,23.08
3112,21.83
3176,23.59
3198,57.17
3076,81.78
3042,84.8
1907,97.65
1020,105.75
632,106.68
435,108.08
302,101.99
367,101.04
1081,97.52
2000,94.29
2040,91.64
2488,88.19
2987,83.65
3493,70.68
3780,43.75
3622,57.03
3489,61.85
3548,63.29
3597,56.91
3638,53.25
3466,34.53
3347,52.28
2798,72.25
2387,77.91
2239,80.99
2175,82.38
1181,91.62
649,94.77
363,98.21
223,97.22
166,94.91
197,95.19
427,96.29
821,97.85
843,95.35
1002,93.33
1707,90.06
2497,83.04
2825,79.55
3108,77.79
3142,80.14
3370,75.05
3607,61.74
3632,71.05
3192,79.7
2826,85.53
2315,89
2395,88.42
2223,91.26
1831,94.79
953,97.63
501,101.09
292,100.9
209,101.51
174,94.62
356,96.12
1413,94.07
3859,71.73
3936,36.67
3387,56.05
3600,75.57
3695,72.08
3280,77.45
3203,76.91
3103,78.53
2954,79.8
3335,75.16
3869,59.55
3967,43
3537,29.07
3508,40.94
3079,81.78
1978,85
2635,90.44
1398,102.13
813,106.39
456,103.97
311,107.74
218,98.28
339,98.56
1148,96.35
3091,85.58
4180,63.45
3751,66.48
3875,63.65
3333,59
3346,59.54
3145,77.93
3212,76.8
3187,57.82
3310,72.4
3542,69.49
3862,42.98
3416,27.35
2613,26.06
3383,60.55
2945,84.08
3057,86.28
1629,100.98
847,106.36
471,104.95
322,104.17
232,101.54
364,98.06
1164,96.88
2978,87.7
4183,62.13
3703,69.17
3740,71.71
3764,66.24
3752,67.5
3198,77.52
3006,78.2
3019,78.68
3355,71.93
3761,45.96
3750,40.38
3246,23.05
3254,25.53
3273,72.57
3007,83.46
3021,86.25
1783,100.11
876,107.58
516,109.1
340,105.28
262,102.56
342,100.51
1251,97.12
3134,85.86
4185,64.57
3760,73.94
3788,68.15
3845,48.37
3344,63.44
3102,79.01
3142,76.96
3059,77.44
3230,74.36
3637,52.94
3767,40.52
3336,25.71
3494,31.9
3118,73.27
3090,82.03
2959,87.97
1815,99.53
933,107.7
497,107.39
296,107.78
260,101.95
353,101.62
1253,96.68
3148,85.9
3900,72.4
3776,72.14
3616,74.75
3407,74.64
3599,64.13
3446,74.05
3654,70.54
3367,74.69
3706,54.15
3569,37.4
3270,24.38
3180,22.25
3268,25.56
3275,29.23
3366,74.65
3034,83.88
1831,96.69
1050,105.5
678,107.83
450,108.34
293,104.93
351,101.47
997,98.07
1892,95.16
1937,92.62
2472,87.59
3212,75.09
3505,60.06
3468,64.19
3405,61.15
3626,55.17
3497,51.88
3337,64.34
3518,38.93
3164,55.19
3196,56.64
2760,70.88
2156,80.47
2007,82.04
2126,82.5
1084,94.16
595,99.48
352,102.34
208,101.36
159,100.56
201,99.35
458,98.97
886,101.83
918,99.61
1093,97.64
1784,94.98
2777,86.24
3211,81.51
2967,83.68
3140,82.66
3332,79.05
3629,63.55
3656,51.22
3592,72.89
3049,80.86
2525,86.34
2460,88.13
2527,89.05
2058,95.16
1068,103.07
545,106.56
287,105.99
180,102.56
185,101.37
341,97.59
1437,97.35
3915,70.01
3877,35.53
3400,58.33
3789,70.02
3601,69.82
3541,73.5
3275,77.73
2994,80.09
2955,78.97
3293,70.99
3645,68.36
3898,44.89
3419,25.44
3508,31.17
3278,76.32
2901,84.65
2762,89.69
1377,102.85
741,107.31
415,106.65
299,105.75
203,102.6
317,99.34
1145,97.76
3148,86.78
4160,54.17
3701,57.32
3977,53.2
3450,45.4
3308,68.31
3539,64.81
3017,78.78
3014,78.82
3162,75.47
3598,63.15
3824,42.15
3301,23.75
3422,28.77
3079,78.11
3036,82.68
2922,87.27
1674,100.85
798,105.78
413,105.64
273,106.29
216,101.11
361,98.82
1238,97.05
3084,87.57
4107,71
3929,72.79
3835,56.76
3740,45.83
3786,63.03
3237,75.6
3047,77.84
2935,77.96
2899,78.31
3690,55.07
3796,40.78
3267,23.85
3133,26.11
3102,74.27
3100,81.69
2976,87.96
1630,100.49
862,105.55
459,106.92
330,105.57
234,101.33
292,99.69
1318,97.27
3193,86.12
4171,67.8
3825,51.39
3924,55.07
3599,56.64
3703,68.13
3159,78.34
3106,78.02
3143,75.75
3432,72.41
3688,65.33
3742,39.63
3242,23.38
3394,29.14
2984,76.08
3107,79.9
2964,83.98
1476,71.87
757,102.62
474,105.56
311,105.69
234,98.41
366,99.3
1279,96.72
3156,86.94
3949,72.02
3951,71.11
3783,71.32
3713,48.44
3811,63.34
3756,53.87
3364,74.51
3683,67.99
3701,45.24
3780,41.68
3306,25.74
3202,22.84
3033,21.92
3161,41.14
3190,76.46
2913,83.18
1725,95.24
916,103.17
618,105.16
396,104.55
308,103.27
374,100.84
1121,99.36
2140,94.73
2604,86.73
3568,74.77
3880,53.58
3894,52.23
3722,42.07
3732,51.54
3604,51.31
3708,51.75
3587,41.1
3490,37.31
3480,39.79
3406,57.53
3018,78.96
2573,83.6
2542,85.75
2298,90.06
1330,100.8
727,107.44
400,109.34
259,108.65
203,106.66
190,102.5
637,103.69
1014,102.14
1037,100.55
1301,99.16
1937,93.93
2724,86.48
3081,82.72
3041,84.17
3267,78.21
3277,78.4
3545,73.27
3522,64.7
3554,71.53
3054,82.55
2420,87.47
2450,88.58
2356,89.53
1948,95.51
1138,103.95
523,107.26
300,105.31
223,106.39
189,98.11
337,102.71
1507,97.02
3771,74.51
3961,51.3
3399,79.41
3220,79.83
3042,80.55
3186,77.4
3080,76.69
3111,73.7
3274,69.96
3343,66.69
3556,61.69
3570,39.59
2979,20.46
3123,22.71
3496,43.97
2945,73.63
2440,80.59
1267,93.06
696,95.71
393,95.72
244,96.12
209,94.72
316,93.82
1148,90.99
2914,84.41
4094,51.98
3567,29.28
3631,63.23
3712,68.31
3773,66.53
3390,74.54
2953,79.44
3123,72.6
3209,76.47
3647,68.72
3891,43.47
3392,26.98
3405,45.38
3034,80.98
2820,85.25
2864,88.43
1406,101.37
707,106.14
445,104.6
271,102.79
250,102.2
354,99.94
1282,95.84
3172,87.01
4088,70.5
3842,73.4
3892,68.6
3855,68.14
3633,75.15
3145,77.98
3017,79.2
3140,76.76
3569,68.48
3635,70.09
3864,44.36
3449,28.34
3313,32.5
3141,78.5
2957,83.9
2874,87.96
1618,101.61
781,107.16
495,104.79
298,105.38
239,100.44
353,100.8
1301,97.71
3205,85.98
4059,72.15
3839,73.03
3980,59.21
3747,52.96
3736,68.36
3527,73.2
2284,35.96
2326,51.73
3340,64.9
3454,65.18
3695,36.69
3247,23.53
3431,29.45
3318,70.77
3054,82.46
3008,85.85
1692,100.2
795,106.68
480,102.71
309,99.31
260,97.41
349,95.43
1159,88.08
3028,70.25
4046,74.53
3603,73.57
3545,67.1
3630,61.26
3500,44.93
3477,50.94
3388,70.03
3363,43.77
3716,41.4
3742,34.62
3547,22.55
3151,22.35
3060,64.14
3086,84.07
2938,87.11
2875,97.01
1711,106.69
953,104.51
618,107.43
386,105.44
263,100.38
357,101.24
1218,98.07
2262,92.65
2312,90.48
3177,80.07
3572,74.84
3418,75.53
3901,50.87
3698,57.76
3542,54.6
3641,53.26
3422,63.43
3590,41.91
3581,52.36
3543,49.41
2752,82.03
2353,86.99
2567,85.56
2238,92.78
1261,100.65
647,106.9
397,106.71
244,108.51
207,106.03
202,99.26
569,101.13
1004,102.6
943,100.11
1182,97.71
1852,94.42
2747,85.08
3147,80.83
3157,81.03
3200,80.96
3298,74.94
3428,72.89
3579,71.1
3432,70.14
2907,83.98
2433,86.42
2601,85.51
2597,87.1
2041,93.72
1023,103.69
568,107.96
269,103.76
221,100.73
192,99.29
323,99.23
1525,96.22
3892,69.37
3939,38.61
3643,59.33
3641,75.13
3406,75.2
3646,69.45
3056,78.64
3164,77.85
2891,77.98
3285,73.19
3785,64.42
3851,41.53
3497,28.26
3401,39.93
3437,73.83
2889,85.17
2749,89.37
1397,100.98
708,106.06
408,104.71
280,104.94
218,100.49
331,99.19
1260,97.46
3233,85.1
4158,70.01
3704,74.83
3924,56.35
3782,62
3852,51.48
3502,64.31
3033,78.43
3027,78.5
3233,75.58
3657,63.08
3764,41.65
3325,24.78
3372,36.41
3218,77.33
2983,83.75
2873,87.82
1454,100.5
812,106.49
455,104.93
270,105.41
213,105.1
336,101.33
1262,97.78
3160,87.29
4169,57.08
3727,57.02
3815,61.05
3640,70.39
3624,71.79
3185,76.16
3174,76.54
3066,77.41
3534,65.72
3650,59.7
3588,35.7
3183,22.37
3098,22.43
3159,58.41
3019,83.94
2926,86.12
1599,99.62
827,105.78
460,105.58
302,105.08
231,102.61
317,99.73
1280,97.25
3096,87.35
4086,69.77
3902,60.63
3892,62.87
3650,66.62
3680,62.03
3517,71.44
3371,73.02
3072,77.31
3389,66.95
3792,61.1
3779,38.5
3205,22.65
3435,35.47
3118,79.23
2924,83.16
2968,86.69
1611,99.93
787,105.87
472,105.91
352,103.87
239,102.41
361,99.49
1212,96
2998,87.64
4091,64.81
3660,74.22
3622,72.54
3614,65.36
3619,70.7
3498,70.87
3240,76.15
3584,52.71
3695,57.66
3730,41.6
3303,26.56
3086,21.47
3209,24.21
3458,43.01
2977,82.05
2854,86.65
1758,97.7
973,106.21
604,105.42
396,106.41
339,103.47
385,100.55
1208,98.94
2203,92.87
2671,85.62
3304,77.4
3475,76.81
3606,60.84
3794,41.33
3698,44.39
3695,49.99
3472,58.39
3580,44.87
3495,54.84
3529,40.65
3554,62.86
2653,81.46
2459,85.75
2380,87.61
2270,90.73
1324,100.19
718,106.88
408,104.42
271,107.78
204,108.33
213,107.1
661,103.73
1013,101.8
1001,99.63
1202,98.44
1861,93.64
2611,87.79
3051,83.1
3001,82.03
3204,79.19
3143,77.12
3549,52.99
3483,63.63
3294,76.36
2701,85.58
2380,87.13
2378,87.35
2370,90.09
2085,93.12
1114,103.15
553,106.79
305,106.97
219,104.4
179,100.08
343,99.28
1545,96.7
3938,73.86
4017,44.02
3663,48.98
3635,72.5
3552,73.3
3697,58.89
3433,58.05
3335,73.33
2867,77.7
3233,74.82
3728,53.11
3774,39.98
3323,25.56
3647,34.26
3363,72.08
2820,84.1
2685,90.14
1340,101.77
746,104.8
398,104.59
267,106.17
244,100.27
341,98.21
1340,95.22
3253,85.03
4006,71.02
3853,72.28
3919,56.12
3713,60.96
3808,42.35
3175,71.83
2963,78.89
2858,78.46
3404,70.44
3811,47.49
3859,39.72
3160,22.37
3416,32.6
3280,75.86
2999,82.85
2735,88.71
1440,99.99
729,98.7
449,98.51
290,99.28
221,98.82
338,96.14
1293,96.54
3231,84.52
4046,68.33
3956,70.47
3974,53
3606,69.1
3842,60.51
3209,55.53
2948,77.59
2945,77.54
2940,55.35
3230,57.93
3836,40.58
3220,24.42
3241,43.48
3127,79.21
2955,83.39
2885,87.05
1599,100.12
820,104.51
459,106.58
277,104.71
266,100.57
324,98.44
1336,97.06
3263,85.37
4158,68.35
3759,48.72
3576,45.88
3458,68.76
3810,59.5
3659,64.94
3155,76.52
3099,76.32
3496,66.62
3774,43.93
3419,30.81
3195,22.93
3435,27.6
3353,70.7
3056,81.93
2841,79.31
1806,88.21
847,96.68
495,94.23
303,95.28
235,91.37
346,92.39
1096,93.18
2945,83.01
3969,65.14
3808,68.07
3859,70.37
3555,71.75
3814,56.28
3448,56.21
3554,70.76
3596,69.43
3698,42.85
3741,40.37
3157,23.1
3088,20.86
2780,18.53
3302,26.81
3155,67.42
2973,84.68
1896,95.37
