교통량,평균속도,0010CZS420
1126,89.25,
952,86.31,
748,87.17,
659,86.75,
1109,89.85,
2460,89.86,
4427,83.91,
5194,77.07,
506,100.12,
4437,82.54,
278,103.21,
5069,77.81,
224,103,
5137,74.95,
216,100.98,
4643,75.25,
205,102.26,
4696,81.02,
195,103.74,
4526,81.75,
186,106.53,
4413,81.41,
194,105.3,
4334,80.98,
211,104.45,
4228,81.14,
206,103.91,
4137,80.12,
231,102.1,
3213,82.03,
239,103.88,
2738,85.06,
258,105.91,
2328,87.3,
191,107.45,
2553,89.04,
1949,90.85,
1450,90.36,
1058,89.21,
913,87.51,
733,87.44,
682,88.28,
1049,90.71,
2417,90.78,
4297,85.77,
5247,77.01,
519,100.81,
4947,78.67,
274,102.07,
4481,79.26,
224,103.87,
4221,79.71,
225,102.97,
4296,80.18,
198,103.82,
4149,81.18,
173,104.36,
4045,81.5,
193,104.5,
4143,80.91,
208,105.29,
4092,82.55,
190,104.73,
4445,80.29,
202,104.42,
4251,78.03,
240,102.26,
3393,81.02,
266,102.08,
2811,84.13,
250,104.98,
2415,85.56,
187,105.95,
2529,89.45,
2063,90.36,
1462,89.56,
1101,88.44,
919,87.23,
659,87.29,
663,88.88,
1117,88.76,
2440,89.76,
4439,84.26,
5208,76.69,
491,100.94,
5078,78.5,
295,103.52,
4997,65.81,
251,99.3,
5108,75.53,
236,102.39,
4897,76.58,
200,104.41,
4638,80.28,
183,103.79,
4689,80.35,
205,102.96,
4530,80.73,
201,105.14,
4546,80.35,
220,104.06,
4530,80.15,
222,103.25,
4160,77.9,
249,102.16,
3395,80.56,
237,104.57,
2783,83.87,
238,103.56,
2755,85.14,
200,103.61,
2815,89.84,
2207,89.72,
1511,90.54,
1234,88.63,
958,88.11,
727,87.21,
712,88.58,
1043,89.16,
2501,89.68,
4386,84.05,
5164,76.96,
538,99.76,
5004,79.77,
293,101.74,
4626,79.94,
246,102.57,
4532,79.71,
233,101.35,
4811,52.35,
239,98.29,
4919,67.23,
235,100.62,
4962,78.21,
218,103.83,
5007,77.74,
216,104.95,
5004,77.2,
272,103.21,
4741,78.99,
265,103.78,
4645,76.09,
372,97.79,
3999,78.12,
380,99.84,
3500,80.42,
346,102.15,
3627,79,
318,101.83,
4086,83.57,
3183,87.2,
2134,89.53,
1611,89.69,
1194,89.25,
894,89.74,
837,89.37,
1221,89.82,
2649,88.87,
4302,83.48,
4203,79.71,
410,99.63,
4737,78.17,
286,100.27,
5111,75.11,
278,100.11,
4907,74.2,
295,97.51,
4827,76.81,
268,102.22,
4728,78.01,
259,100.84,
4849,79.31,
260,103.73,
4756,80.09,
267,102.21,
4154,82.33,
263,104.87,
4737,78.28,
302,102.38,
4288,78.34,
274,101.93,
3568,78.14,
279,101.08,
3159,81.43,
218,103.89,
2820,83.39,
187,104.18,
2755,88.63,
2282,90.64,
1506,91.58,
1036,92.92,
694,92.85,
468,88.64,
407,90.44,
570,91.09,
1251,92.13,
2140,91.96,
2383,88.61,
256,104.64,
2836,87.11,
175,103.67,
3499,83.9,
184,104.65,
4000,81.68,
215,104.25,
4266,82.26,
177,103.58,
4117,84.89,
212,105.29,
4493,82.7,
233,104.95,
4452,82.11,
245,104.25,
4780,80.18,
229,103.82,
4584,81.04,
244,105.29,
3994,80.86,
220,102.4,
3693,80.26,
274,102.7,
3523,80.62,
277,104,
3546,81.59,
233,101.78,
4180,84.03,
3395,87.31,
2007,90.42,
1320,90.99,
847,91.82,
673,90.35,
839,91.21,
1813,93.83,
4262,85.73,
6196,77.44,
5416,48.71,
681,90.03,
4011,70.18,
329,101.67,
4373,77.39,
209,101.67,
4422,78.37,
233,100.56,
4371,78.57,
192,103.47,
4259,79.85,
207,103.65,
4313,78.88,
190,103.9,
4267,80.13,
195,103.94,
4293,79.3,
206,102.56,
4073,80.7,
191,105.48,
4097,78.83,
228,102.23,
3165,81.26,
226,102.99,
2687,84.35,
263,103.87,
2457,85.97,
187,106.46,
2541,89.3,
1940,90.32,
1391,88.86,
1111,88.22,
847,86.35,
795,85.93,
686,88.04,
1067,89.78,
2384,89.8,
4430,83.7,
5240,76.97,
528,99.56,
5088,79.73,
268,102.11,
5388,76.38,
246,101.53,
5345,74.33,
238,100.01,
5013,75.27,
215,102.18,
4479,80.62,
191,104.36,
4655,79.8,
206,104.14,
4486,81.47,
194,106.68,
4624,80.25,
197,104.57,
4248,80.99,
210,104.15,
4051,79.24,
234,102.33,
3227,81.37,
231,104.5,
2369,85.07,
243,106.95,
2511,85.72,
190,104.32,
2565,90.45,
1901,89.72,
1362,89.38,
1093,88.4,
902,87.28,
685,85.65,
647,86.99,
989,89.39,
2290,90.48,
4427,83.99,
5113,77.46,
499,101.33,
5109,79.31,
273,103.31,
5294,76.29,
225,99.61,
5176,77.42,
209,103.78,
4921,77.56,
196,102.76,
4669,81.07,
190,104.92,
4684,79.95,
193,105.16,
4508,78.89,
186,104.22,
4556,79.5,
205,103.05,
4413,79.71,
225,103.77,
4006,80.25,
230,102.15,
3174,82.61,
245,104.57,
2744,83.57,
244,103.07,
2289,85.65,
189,107.11,
2534,89.44,
1896,91.07,
1403,90.44,
1084,89.38,
938,87.2,
677,87.89,
624,88.78,
1041,90.72,
2362,91.35,
4440,84.11,
5146,74.91,
551,98.61,
5069,67.29,
278,99.94,
4683,77.65,
238,102.09,
4932,49.59,
265,94.26,
4651,49.83,
230,97.32,
4558,80.34,
192,103.31,
4647,80.37,
199,103.62,
4552,79.25,
200,105.38,
4459,77.93,
211,102.91,
4245,79.66,
213,103.43,
4075,79.93,
252,103.36,
3185,81.91,
252,101.91,
2796,84.8,
251,104.86,
2469,85.58,
204,103.64,
2502,90.06,
1980,91.5,
1468,90.37,
1205,89.91,
844,88.23,
683,87.99,
674,88.76,
1004,90.27,
2389,90.36,
4310,84.36,
5051,75.74,
534,98.5,
4940,78.2,
280,102.17,
4885,71.82,
227,99.73,
4763,78.35,
205,103.03,
4864,65.86,
212,101.3,
4834,77.66,
195,102.69,
4851,77.08,
211,103.31,
4879,75.93,
230,101.62,
4951,77.3,
236,104.29,
4784,78.08,
270,101.63,
4747,75.2,
308,100.63,
4105,77,
302,99.81,
3388,80.4,
324,103.48,
3592,77.81,
323,99.78,
3659,85.66,
2862,88.33,
1990,89.64,
1371,88.23,
1080,88.06,
812,87.07,
805,88.47,
1126,89.44,
2354,89.45,
3791,85.12,
4127,78.33,
403,100.11,
4704,78.75,
247,101.62,
4799,78.28,
267,102.08,
4977,73.99,
308,99.48,
4433,75.23,
251,100.57,
4825,77.32,
250,102.84,
4570,79.93,
245,105.68,
4971,79.32,
269,103.7,
4704,80.02,
265,103.14,
4465,80.47,
251,102.11,
4174,79.03,
256,101.57,
3499,79.79,
239,103.21,
2997,82.97,
243,104.64,
2395,85.22,
154,105.03,
2664,87.96,
2095,89.13,
1408,92.99,
904,92.26,
606,91.16,
421,90.25,
369,90.01,
467,91.05,
913,100,
1576,92.87,
1867,85.04,
220,102.2,
2058,80.6,
161,100.09,
2624,81.76,
173,103.17,
3182,79.05,
202,100.25,
3586,77.52,
198,100.39,
3552,78.68,
173,103.02,
4009,78.3,
226,101.74,
4058,76.67,
265,101.98,
4703,78.33,
259,103.18,
4383,80.21,
227,102.76,
3777,73.42,
210,100.44,
3354,69.5,
223,102.79,
3214,79.32,
261,104.67,
3184,82.32,
207,105.07,
3751,85.45,
2920,88.31,
1647,90.4,
1136,90.3,
766,88.56,
609,88.42,
693,88.81,
1496,91.51,
3676,87.16,
5849,79.42,
4971,66.47,
636,93.6,
4574,81.43,
286,103.87,
5031,52.19,
225,98.95,
4886,78.76,
200,101.96,
4959,77.84,
187,103.38,
4191,81.84,
166,105.14,
4632,81.71,
213,110.09,
4646,80.97,
181,106.87,
4495,80.14,
196,105.3,
4313,80.61,
193,104.22,
4035,80.09,
225,102.78,
3111,82.7,
225,104.07,
1637,88.5,
127,109.9,
60,102.17,
2855,29.22,
181,91.62,
4554,36.28,
236,97.42,
4211,66.74,
167,99.09,
4104,83.16,
195,105.58,
4542,81.88,
182,104.81,
4533,79.77,
192,103.6,
4184,82.14,
198,104.44,
4115,79.95,
230,103.61,
3233,83.07,
242,104.09,
2723,84.32,
225,105.45,
2207,87.05,
183,105.34,
112,89.11,
60,107.23,
65,107.56,
82,57.53,
4,96.3,
37,78.06,
2,102.74,
2550,80.09,
115,102.9,
4495,81.81,
182,104.52,
4375,82.18,
197,105.01,
4064,80.21,
228,102.84,
3210,82.19,
236,103.5,
2740,84.46,
255,105.61,
2487,85.02,
194,105.76,
2596,88.29,
1884,90.41,
1382,90.99,
1057,87.88,
830,86.58,
801,79.9,
749,77.83,
1064,79.19,
2115,83.88,
4292,78.36,
4600,71.26,
545,93.98,
4558,76.95,
302,101.03,
4588,76.65,
264,101.28,
4798,73.75,
249,98.96,
4794,74.9,
217,102.07,
4824,72.59,
219,99.39,
4784,78.92,
206,103.39,
5113,77.03,
229,103.62,
5223,77.15,
208,103.88,
4823,76.94,
242,102.03,
4640,76.28,
273,99.35,
4130,78.1,
293,100.32,
3215,81.31,
299,100.78,
3330,81.89,
261,100.43,
3366,86.43,
2531,87.76,
1739,86.19,
1288,85.73,
943,85.45,
778,82.78,
709,85.98,
894,87.74,
1724,89.89,
3018,86.76,
3653,80.84,
338,102.61,
4104,81.24,
204,104.37,
5319,80.38,
235,101.25,
4602,80.2,
233,103.28,
4455,80.89,
213,103.07,
4319,82.91,
218,104.4,
4543,81.72,
241,103.38,
4902,77.92,
241,102.77,
4746,80.41,
219,104.93,
4517,80.96,
260,104.1,
4195,79.16,
246,102.66,
3455,81.15,
256,102.18,
2723,85.67,
202,104.88,
2293,85.58,
150,103.38,
2505,89.07,
1807,88.67,
1243,87.97,
813,90.7,
621,89.43,
405,88,
360,85.6,
446,87.5,
868,90.4,
1614,89.84,
2004,88.09,
219,104.2,
2591,87.07,
146,103.88,
3371,85.64,
189,106.16,
3981,82.28,
216,104.65,
4242,82.72,
183,102.83,
4000,84.33,
174,105.93,
4595,83.37,
205,106.22,
4577,82.86,
211,105.16,
4906,81.31,
221,104.74,
4550,81.28,
228,104.61,
4070,81.04,
197,101.11,
3276,83.07,
235,102.61,
3443,83.21,
236,103.24,
3227,81.97,
190,103.84,
3886,85.74,
2991,87.88,
1844,89.12,
1287,88.63,
803,87.83,
702,86.18,
775,89.32,
1625,91.95,
4000,85.65,
6057,77.37,
5185,45.08,
707,89.17,
5043,47.28,
325,97.14,
4771,78.75,
203,103.52,
5159,76.2,
229,101.56,
4997,76.28,
205,101.61,
5059,78.31,
190,103.87,
4665,78.95,
183,105.15,
4604,79.4,
187,104.28,
4468,79.09,
192,103.12,
4483,80.07,
183,104.99,
4109,80.11,
229,102.93,
3365,81.09,
229,100.88,
2799,82.93,
239,102.15,
2469,84.33,
176,106.61,
2626,87.72,
1869,87.63,
1445,85.74,
1140,82.64,
915,79.98,
790,76.66,
768,77.47,
1152,79.99,
2309,84.58,
4438,79.26,
4960,71.02,
554,94.57,
4909,72.2,
310,100.11,
4902,73.58,
242,100.28,
4829,48.85,
261,95.66,
4921,68.41,
215,101.65,
4876,76.03,
197,102.15,
4758,77.56,
214,102.44,
4648,78.25,
195,102.06,
4597,78.51,
179,103.46,
4519,79.3,
208,103.38,
4196,79.05,
210,102.68,
3245,81.89,
219,102.17,
2765,83.25,
258,103.17,
2589,82.89,
176,103.17,
2497,88.04,
1968,87.45,
1323,87.45,
1010,87.05,
814,85.82,
790,82.05,
706,81.57,
991,83.16,
2206,85.43,
4235,81.77,
4887,71.81,
510,98.06,
4937,76.7,
255,102.54,
5236,73.26,
222,99.42,
4833,52.07,
235,93.03,
5010,46.42,
195,99.55,
4634,74.8,
185,99.93,
4675,76.25,
197,103.5,
4341,78.34,
191,102.29,
4474,78.3,
194,104.38,
4452,77.2,
215,101.77,
4230,78.1,
241,102.87,
3294,79.81,
254,100.76,
2699,81.14,
249,100.9,
2714,80.55,
212,103.68,
2714,85.86,
2196,80.75,
1657,81.4,
1187,80.61,
953,80.38,
732,76.65,
660,80.38,
997,82.31,
2093,84.72,
3805,81.73,
4486,76.69,
508,98.7,
4583,78.77,
232,101.03,
4891,76.29,
198,102.66,
5070,75.83,
224,103.85,
5083,75.07,
189,102.84,
4888,77.15,
190,103.4,
4946,78.44,
203,105.14,
5033,75.66,
218,102.59,
5042,75.37,
228,101.09,
4814,76.89,
222,102.51,
4292,78.73,
256,101.09,
4002,79.15,
309,101.17,
3241,82.16,
324,100.43,
3276,81.29,
323,99.93,
3895,84.2,
2940,86.21,
1924,87.03,
1404,84.64,
1045,84.85,
746,84.5,
675,87.01,
941,87.03,
1793,88.44,
2795,87.53,
3090,82.43,
256,102.83,
3442,82.56,
167,103.57,
4567,79.04,
195,103.57,
4873,78.98,
222,102.25,
4369,80.62,
200,104.13,
4251,82.08,
196,104.28,
4484,80.76,
217,104.37,
4487,82.01,
199,105.53,
4300,82.74,
186,104.91,
4039,82.74,
214,102.84,
3338,83.37,
168,103.09,
2554,83.4,
171,103.32,
2167,85.43,
181,103.44,
2142,85.54,
130,105.43,
2335,88.43,
1678,89.38,
1214,87.36,
953,89.06,
696,88.84,
564,85.65,
518,85.8,
767,87.85,
1735,87.97,
2745,85.47,
2789,80.96,
278,101.82,
3098,85.63,
162,103.66,
3725,83.31,
177,101.93,
4180,80.75,
200,102.95,
4763,79.28,
197,103.68,
4177,82.61,
177,105.62,
4289,82.54,
183,106.47,
4696,80.84,
196,106.07,
4572,80.68,
216,104.24,
4295,81.27,
204,103.55,
3849,81.61,
204,103.83,
2897,83.49,
187,103.53,
2286,85.02,
186,104.25,
2033,86.58,
135,104.3,
2198,90.11,
1643,89.17,
1116,89.01,
733,91.77,
535,91.63,
348,89.1,
372,88.85,
487,84.93,
865,88.22,
1675,87.15,
1893,86.17,
193,104.88,
2263,89.54,
146,104.37,
3050,86.48,
157,104.92,
3677,82.21,
170,103.87,
3919,80.65,
146,104.9,
3821,82.65,
179,102.83,
4347,82.18,
178,105.19,
4686,80.06,
202,103.94,
4730,80.19,
208,103.99,
4487,80.04,
203,103.86,
3857,81.66,
175,102.49,
3186,81.13,
214,103.8,
3174,82.08,
251,102.76,
3270,81.75,
199,102.96,
3633,86.61,
2858,87.57,
2116,84.04,
1289,84.92,
1009,80.17,
720,84.44,
843,83.2,
1748,86.36,
3640,87.15,
5886,77.99,
4142,35.92,
688,82.62,
4979,37.95,
314,95.69,
4398,72.88,
200,101.79,
4852,49.11,
203,94.82,
5007,68.22,
197,102.33,
4687,79.23,
176,104.13,
4171,81.48,
191,106.19,
4638,78.33,
164,105.58,
4858,84.53,
288,102.9,
4953,86.44,
311,103.41,
4633,85.21,
375,104.32,
3829,86.63,
378,102.69,
3101,89.28,
391,102.22,
3023,91.18,
309,103.13,
3167,97.53,
2481,97.54,
1704,96.9,
1323,94.47,
985,92.29,
790,90.02,
753,84.9,
1148,87.55,
2740,91.96,
5367,83.34,
4922,73.16,
755,94.44,
4910,76.87,
441,99.85,
5277,77.59,
436,96.99,
5579,77.93,
405,100.72,
5694,75.55,
355,103.38,
5553,71.5,
360,100.76,
5305,80.44,
363,100.27,
4897,80.58,
338,101.68,
4967,77.7,
353,101.51,
4706,80.18,
345,100.95,
4209,78.09,
411,98.81,
3257,79.8,
415,96.24,
2983,84.2,
402,98.24,
2832,84.59,
300,102.28,
3196,91.93,
2366,94.33,
1532,96.39,
1219,94.07,
903,93.52,
710,92.23,
703,92.43,
1039,92.25,
2342,94.71,
4967,87.78,
5059,78.47,
796,97.92,
5118,82.13,
396,102.7,
5520,81.79,
309,102.24,
5655,78.65,
349,101.35,
5286,80.22,
343,103.14,
5294,80.45,
325,101.58,
5013,83.1,
347,103.73,
5252,79.23,
355,101.94,
5097,82.45,
350,102.91,
4885,83.08,
352,101.92,
4855,81.06,
439,101.14,
4140,82.24,
407,100.96,
3291,87.13,
382,101.98,
3109,89.5,
322,103.4,
3210,95.62,
3014,88.53,
2012,90.77,
1329,94.19,
954,93.61,
721,92.63,
712,91.9,
918,94.16,
1917,96.41,
4074,92.51,
4505,80.71,
658,99.23,
4390,86.38,
401,102.07,
4799,83.18,
334,102.45,
5440,80.27,
359,102.88,
5609,78.6,
350,103.17,
5604,79.62,
352,99.46,
5549,79.73,
376,102.42,
5615,77.16,
450,100.8,
5246,54.67,
510,95.94,
5218,74.75,
459,102.17,
4816,82.28,
459,102.29,
4377,78.97,
589,98.41,
3971,82.22,
577,100.36,
3337,80.39,
286,103.55,
4107,92.59,
3357,95.24,
2145,100.16,
1460,94.07,
1064,90.45,
726,90.09,
700,91.21,
810,92.02,
1730,93.1,
2643,89.23,
2898,83.01,
334,100.74,
3293,80.09,
259,100.27,
3895,78.94,
252,100.94,
4468,77.17,
245,101.81,
4473,79.99,
208,102.31,
4276,80.03,
215,102.61,
4244,80.08,
227,102.83,
4380,77.14,
266,100.98,
4277,72.5,
338,98.05,
4729,51.9,
403,90.71,
4188,68.77,
302,97.63,
3672,74.67,
329,96.78,
3580,74.63,
335,97.31,
3447,73.9,
247,101.04,
4230,78.25,
3788,77.35,
2988,72.91,
1872,77.92,
1262,81.07,
922,81.76,
919,87.85,
1823,87.06,
4391,83.76,
6074,76.78,
5228,39.08,
702,85.79,
5334,40.25,
464,92.1,
5247,74.47,
298,100.01,
5412,66.06,
293,96.71,
4801,51.57,
262,97.04,
4170,80.23,
218,103.96,
4752,79.74,
193,104.92,
4653,81.1,
223,105.39,
4530,79.62,
214,102.96,
4502,80.39,
224,104.77,
4556,77.99,
238,101.36,
3410,82.11,
245,104.93,
2736,85.46,
250,105.23,
2723,86.05,
211,104.97,
2542,90.55,
2203,89.8,
1607,69.98,
1447,80.5,
1093,77.92,
869,76.34,
975,79.24,
1426,82.37,
3078,78.41,
5125,80.89,
5526,77.64,
519,101.03,
5407,78.83,
364,101.09,
5444,68.05,
292,99.41,
4348,56.31,
249,99.07,
4257,39.03,
282,93.44,
4756,50.22,
218,100.27,
4274,80.8,
223,103.41,
4325,80.43,
224,103.63,
4237,80.82,
208,104.95,
4218,81.8,
229,104.74,
4465,79.08,
231,104.22,
3480,82.1,
248,101.35,
2792,84.96,
248,104.86,
2751,84.74,
213,103.34,
2737,90.23,
2237,89.83,
1638,90.39,
1308,89.15,
1045,86.64,
834,87.28,
800,87.58,
1216,89.4,
2693,90.44,
4806,84.1,
5496,78.51,
520,100.72,
5735,77.9,
350,102.41,
5435,67.58,
278,98.69,
4873,43.82,
265,96.65,
4979,73.82,
263,102.88,
4561,79.36,
191,105.27,
4616,81.15,
191,106.06,
4610,81.71,
213,106.56,
4544,81.34,
209,105.27,
4359,81.1,
227,104.91,
4605,77.86,
234,101.82,
3420,81.08,
259,102.71,
2728,84.01,
272,104.21,
2854,83.46,
227,106.07,
2687,88.58,
2285,90.32,
1725,89.55,
1334,90.13,
1010,88.9,
856,87.59,
812,86.51,
1199,89.29,
2664,89.69,
4837,83.13,
5645,66.07,
587,96.43,
5163,59.45,
389,96.62,
5317,70.88,
295,98.56,
5119,55.21,
293,96.3,
5185,72.24,
284,99.68,
4943,73.1,
220,101.54,
4982,77.23,
227,103.5,
4268,81.94,
213,104.56,
4691,77.96,
218,102.72,
4619,78.2,
236,104.39,
4391,78.3,
246,102.09,
3382,82.25,
276,102.78,
2817,85.02,
269,102.49,
2814,83.56,
197,104.14,
2892,88.68,
2319,89.64,
1776,90.45,
1467,90.65,
1105,89.77,
856,89.03,
816,88.51,
1260,90.87,
2786,89.76,
4793,82.18,
5386,74.5,
555,99.06,
5075,68.91,
374,98.79,
5207,74.58,
289,101.04,
5316,73.63,
289,99.1,
5108,65.98,
281,99.13,
4995,69.5,
254,100.44,
4980,76.05,
264,102.35,
5015,75.41,
259,100.87,
5107,72.95,
289,99.18,
5042,49.63,
336,93.99,
4840,75.32,
335,100.35,
4184,77.44,
362,100.68,
3634,81.01,
389,100.45,
3499,80.18,
374,99.86,
4104,84.67,
3239,87.24,
2569,89.45,
1889,91.16,
1435,90.7,
1102,90.44,
1097,90.44,
1655,91.41,
3349,87.04,
5280,77.11,
4703,44,
794,79.72,
4982,38.22,
625,87.24,
4404,39.36,
528,88.24,
4533,43.92,
445,93.06,
4691,76.69,
358,101.3,
4901,76.68,
360,101.06,
4772,78.62,
337,101.21,
5068,77.12,
336,100.8,
4617,78.88,
349,101.91,
4914,77.45,
357,102.22,
4602,76.98,
342,102.42,
3942,78.15,
319,99.55,
3499,79.77,
287,102.02,
3081,81.99,
247,102.74,
3244,87.05,
2676,88.43,
1872,92.1,
1288,93,
932,94.07,
661,92.98,
682,92.42,
864,93.64,
1892,91.85,
3070,89.02,
3536,84.69,
393,103.58,
3892,83.22,
290,102.7,
4517,79.4,
278,101.28,
4871,78.22,
260,102.88,
4758,77.37,
220,101.3,
4420,81.08,
212,103.4,
4545,80.79,
230,103.71,
4754,79.7,
277,102.57,
4686,80.84,
318,102.49,
4685,80.12,
322,101.49,
4654,77.05,
282,97.79,
3977,78.32,
337,99.44,
3989,79.53,
354,100.38,
4068,78.65,
278,101.82,
4666,83.14,
3973,86,
2621,89.59,
1661,90.79,
1051,90.43,
789,88.52,
1002,90.05,
2039,91.99,
4587,85.61,
6339,77.94,
5506,45.63,
693,89.22,
5263,37.24,
508,89.73,
5275,67.64,
322,98.84,
5415,71.19,
257,101,
5047,75.51,
247,101.84,
4556,45.91,
235,97.78,
4505,80.36,
217,102.05,
4638,79.51,
251,102.59,
4685,78.52,
201,103.08,
4648,78.45,
228,104.22,
4290,79.27,
241,102.3,
3469,81.34,
250,101.44,
2823,84.57,
272,103.47,
2745,85.53,
210,103.88,
2768,89.2,
2184,89.23,
1760,89.79,
1298,88.87,
1026,88.48,
841,86.69,
829,86.94,
1249,89.13,
2785,89.31,
4946,82.31,
5558,76.92,
540,99.7,
4921,80.63,
339,102.24,
4837,69.09,
287,99.36,
5459,69.37,
250,101.01,
4952,69.45,
294,99.63,
4641,41.99,
242,96.04,
4510,78.85,
224,104.72,
4455,81.98,
204,104.16,
4622,80.99,
208,104.77,
4588,80.07,
241,104.19,
4541,79.06,
256,102.74,
3507,81.11,
255,103.74,
2827,83.45,
267,104.85,
2677,84.63,
194,105.99,
2821,89.26,
2254,89.87,
1768,89.94,
1294,89.3,
1053,87.92,
890,88.65,
816,87.98,
1212,89.42,
2642,89.27,
4666,83.14,
5369,72.93,
528,99.01,
5082,58.53,
385,97.32,
5337,75.02,
276,100.31,
5461,68.71,
257,99.12,
5082,74.82,
231,102.14,
4958,76.8,
237,104.62,
4778,78.99,
234,104.51,
4697,80.86,
217,104.43,
4497,80.87,
222,102.48,
4573,80.66,
226,104.68,
4587,78.14,
254,102.19,
3373,80.28,
233,104.47,
2699,84.72,
268,105.52,
2693,84.93,
212,103.26,
2838,89.19,
2365,90.16,
1963,90.03,
1425,89.28,
1073,87.98,
822,87.93,
826,89.31,
1185,89.79,
2759,89.93,
4888,82.32,
5477,69.19,
568,95.58,
5226,62.52,
377,97.78,
5437,71.46,
301,97.64,
5402,47.92,
296,96.83,
5236,57.07,
315,98.3,
5128,43.75,
266,98.37,
4880,76.91,
229,102.84,
4879,78.06,
222,106.02,
4529,80.63,
209,102.88,
4541,80.16,
246,103.77,
4291,80.24,
281,100.85,
3523,80.11,
268,101.27,
2900,84.15,
276,105.98,
2799,83.15,
218,103.52,
2847,88.11,
2442,90.4,
2088,89.87,
1460,89.82,
1101,88.92,
888,87.98,
815,88.36,
1294,90.12,
2856,89.35,
4914,82.24,
5408,76.36,
570,98.6,
5111,77.44,
358,100.39,
5205,68.48,
304,98.78,
3625,71.42,
298,99.91,
5094,54.53,
290,96.36,
4591,75.53,
267,101.63,
4717,68.29,
329,100.72,
4256,34.66,
322,92.09,
5134,44.57,
322,94.9,
5151,43.8,
351,95.79,
5280,47.4,
385,95.3,
4139,74.58,
337,101.84,
3540,79.15,
409,99.83,
3705,79.76,
387,100.62,
4291,82.93,
3697,85.08,
2810,89.52,
2094,92.08,
1463,91.31,
1146,92.21,
1086,91.68,
1737,91.72,
3495,87.32,
5431,79.32,
5037,43.55,
784,82.99,
3886,26.6,
659,81.66,
4294,27.51,
619,84.72,
4282,31.44,
522,88.44,
4214,31.62,
459,91.03,
4700,36.13,
387,93.99,
4321,74.7,
326,102.16,
4880,79.68,
334,101.58,
4662,79.98,
353,101.74,
4708,78.36,
347,101.83,
4687,75.86,
354,99.92,
3879,77.72,
357,100.48,
3594,79.28,
338,100.86,
3284,80.3,
261,100.72,
3430,84.85,
2821,88.11,
2005,89.89,
1346,91.3,
983,92.35,
694,90.93,
684,93.22,
879,93.25,
2058,91.46,
3164,87.78,
3415,82.49,
368,102.03,
3886,80.89,
274,102.39,
4431,82.19,
278,103.35,
4823,80.2,
256,102.03,
4708,78.41,
231,103.77,
4302,82.31,
213,104.67,
4420,81.89,
252,103.74,
4633,79.73,
273,103.65,
4567,80.56,
289,102.74,
4661,79.66,
359,101.6,
4202,79.54,
304,101.69,
3728,79.16,
333,100.03,
3770,80.35,
366,101.3,
3771,79.04,
304,102.15,
4628,83.36,
3958,85.18,
2663,90.05,
1553,91.57,
1134,90.65,
845,89.95,
997,91.01,
2042,91.92,
4507,84.92,
6297,77.06,
5339,41.86,
743,85.73,
5091,38.66,
485,91.22,
5270,73.49,
302,99.44,
5328,69.31,
300,98.79,
5011,52.78,
276,96.53,
4674,64.81,
207,100.35,
4703,77.89,
237,103.83,
4772,71.49,
201,103.5,
4349,81.28,
222,104.42,
4362,80.94,
242,103.62,
4216,79.84,
237,103.06,
3307,80.7,
242,101.89,
2781,84.6,
245,105.02,
2694,85.26,
206,105.74,
2782,88.49,
2235,90.62,
1697,89.45,
1300,89.22,
1031,86.87,
853,88.68,
773,88.37,
1235,89.86,
2761,90,
4753,82.09,
5423,75.2,
568,98.47,
5031,79.35,
336,102.45,
5211,74.62,
286,100.04,
5089,43.16,
298,93.6,
4729,42.59,
344,77.9,
4634,56.45,
280,86.89,
4673,77.67,
211,101.9,
4578,78.88,
212,104.13,
4163,80.18,
200,102.98,
4354,80.07,
227,102.07,
4159,78.76,
229,101.23,
3224,81.38,
243,103.72,
2727,84.33,
252,104.79,
2564,84.43,
221,103.92,
2700,88.28,
2293,85.66,
1825,84.16,
1263,82.49,
974,82.81,
825,84.03,
808,83.41,
1081,85.3,
2286,85.89,
4252,80.78,
5331,75.85,
525,99.04,
4937,78.5,
329,101.88,
5189,74.7,
248,100.85,
5055,75.31,
232,100.79,
5016,73.38,
247,101.73,
4856,74,
208,101.82,
4255,79.61,
207,104.42,
4439,78.47,
194,102.68,
4220,77.29,
219,102.84,
3948,77.43,
213,103.23,
3894,73.6,
258,97.92,
3087,76.63,
245,97.87,
2486,77.11,
256,101.63,
2406,77.21,
199,101.16,
2549,82.57,
2190,85.25,
1732,86.36,
1334,84.15,
1057,81.27,
780,78.87,
695,80.79,
955,82.14,
1958,84.13,
3834,78.57,
4432,63.4,
543,86.49,
3254,24.35,
425,76.22,
3226,25.96,
352,80.93,
4273,52.84,
286,94.24,
4521,70.75,
254,100.33,
4553,65.78,
252,99.21,
4379,71.64,
236,100.77,
4330,77.63,
237,103.47,
4430,77.96,
226,102.94,
4428,78.1,
253,103.08,
4092,79.88,
228,100.24,
3338,82.77,
272,102.35,
2856,84.02,
250,102.3,
2456,85.81,
204,100.77,
2575,89.4,
2207,91.02,
1678,91.38,
1394,88.93,
949,87.97,
746,89.63,
818,89.91,
1333,90.56,
2822,88.7,
4847,82.02,
5227,75.42,
609,97.26,
5017,76.24,
346,100.44,
5301,71.87,
312,98.19,
4906,43.31,
313,95,
5116,41.19,
307,95.64,
5005,46.97,
310,93.56,
4801,60.84,
307,98.54,
5233,43.75,
314,96.63,
5233,54.65,
281,98.41,
5135,68.61,
321,98.81,
4950,74.36,
354,98.6,
4417,75.41,
366,98.53,
3576,80.03,
387,100.22,
3596,78.77,
382,100.44,
4885,81.27,
3832,84.39,
2638,87.62,
1992,88.91,
1404,89.55,
1073,90.71,
1028,89.53,
1561,89.78,
3477,86.91,
5453,78.18,
5266,51.96,
588,90.67,
4873,41.06,
498,89.72,
4614,33.01,
500,89.06,
4711,33.82,
448,92.72,
4651,66.91,
370,98.12,
4833,78.15,
347,101.02,
4845,78.2,
343,101.52,
4914,79.07,
325,102.7,
4990,78.2,
336,102.18,
4116,77.52,
344,103.69,
4045,80.01,
319,101.23,
3721,77.41,
330,102.26,
3553,80.15,
311,100.26,
3134,81.73,
231,104.03,
3034,87.72,
2538,89.85,
1927,89.99,
1357,92.17,
971,82.64,
742,84.7,
678,82.52,
803,84.72,
1618,84.06,
2779,83.64,
3067,79.23,
330,100.37,
3384,80.97,
239,99.49,
3908,80.42,
257,101.39,
4509,80.06,
228,102.95,
4673,79.44,
218,101.34,
4373,81.61,
223,103.62,
4526,81.15,
240,103.76,
4671,79.53,
254,102.41,
4840,76.82,
290,102.19,
4735,77.55,
313,100.83,
4263,78.7,
263,100.87,
3800,78.9,
301,102.09,
3696,80.94,
336,103.69,
3773,78.75,
273,102.89,
4427,84.42,
3651,86.43,
2403,90.73,
1445,91.55,
1018,89.84,
786,90.91,
874,90.51,
1934,92.52,
4501,85.31,
6274,76.94,
5410,44.33,
710,88.68,
5097,47.84,
406,95.17,
5069,76.76,
264,102.16,
4506,39.46,
299,90.91,
4903,55.1,
234,101,
4843,79.41,
200,105.06,
4745,79.62,
202,104.87,
4104,83.7,
188,106.43,
4641,80.96,
199,104.89,
4508,80.89,
227,105.58,
4409,79.13,
212,102.25,
3432,81.61,
256,104.01,
2782,84.9,
265,105.61,
2597,85.83,
196,105.43,
2590,88.91,
2281,89.32,
1719,90.38,
1322,89.34,
1058,87.7,
833,88.59,
717,87.01,
1201,90.49,
2667,89.99,
4571,82.9,
5317,76.18,
553,99.29,
4938,78.88,
327,102.77,
5277,74.62,
270,99.95,
5283,74.27,
267,101.88,
5018,75.02,
247,102.22,
4106,81.27,
181,103.16,
4030,81.25,
206,105.03,
4207,81.86,
199,105.59,
4222,82.09,
192,104.48,
4589,79.13,
227,103.12,
4100,81.43,
211,104.28,
3147,81.29,
241,105.07,
2731,84.02,
246,103.5,
2475,85.78,
204,103.74,
2537,88.97,
2181,90.17,
1549,90.2,
1124,89.5,
921,88.18,
730,86.24,
710,86.9,
1078,89.87,
2505,89.93,
4474,83.96,
5183,78.28,
509,101.07,
4984,80.18,
295,102.46,
5361,75.09,
248,99.71,
5251,74.35,
258,101.52,
5016,64.98,
254,100.03,
4854,78.58,
207,103.67,
4789,79.18,
195,104.82,
4639,80.45,
182,105.52,
4612,79.87,
197,104.53,
4413,81.41,
210,103.68,
4147,79.62,
251,101.88,
3342,81.49,
257,102.43,
2733,84.29,
284,105.24,
2591,84.5,
208,105.07,
2763,88.51,
2106,89.23,
1537,90.3,
1240,89.39,
878,87.36,
663,87.39,
700,88.29,
1103,89.02,
2581,90.67,
4595,83.59,
5347,75.83,
530,100.55,
4979,79.42,
320,101.61,
5368,73.74,
266,99.71,
4818,75.92,
226,100.65,
5243,73.99,
237,101.32,
4936,76.79,
201,104.21,
4778,74.61,
214,103.81,
4621,80.52,
192,106.92,
4637,79.51,
213,102.34,
4389,79.86,
230,104.82,
4172,78.92,
252,102.64,
3271,82.05,
251,102.35,
2739,83.97,
263,104.34,
2808,82.75,
204,106.06,
2746,88.56,
2217,90.11,
1638,90.32,
1134,88.86,
939,88.61,
725,88.07,
720,89.03,
1206,89.31,
2599,89.64,
4474,82.97,
5044,76.71,
539,98.87,
5044,78.07,
320,101.32,
5291,71.87,
246,101.09,
5022,75.47,
240,100.73,
5077,74.95,
243,101.13,
4761,77.06,
220,102.4,
4827,78.21,
243,103.02,
4790,78.62,
247,102.84,
5113,74.83,
277,104.01,
4837,77.61,
270,100.67,
4833,75.64,
316,100.04,
4202,76.23,
354,100.05,
3577,79.25,
367,99.27,
3790,77.6,
387,99.57,
4768,80.84,
3747,85.38,
2534,88.37,
1689,88.8,
1206,88.39,
875,89.95,
893,88.36,
1434,90.3,
3125,87.34,
4871,80.19,
4822,49.27,
548,92.85,
4930,78.63,
349,99.47,
5171,77.3,
335,99.21,
5342,73.76,
314,99.35,
5059,76.92,
301,102.23,
4391,81.48,
252,103.5,
4844,79.73,
283,103.38,
4990,79.59,
295,102.53,
4145,83.4,
275,104.36,
4851,77.83,
320,101.48,
4129,79.33,
283,101.85,
3391,79.99,
281,101.34,
3213,79.6,
243,101.38,
2732,82.79,
177,103.01,
2929,88.27,
2409,89.74,
1491,92.02,
1011,90.78,
712,91.5,
470,90.01,
456,88.91,
590,90.6,
1418,92.49,
2628,90.86,
2813,85.07,
261,104.53,
2998,85.57,
185,103.24,
3534,83.52,
214,103.49,
3995,82.23,
208,104.23,
4252,82.79,
188,104.42,
4067,83.16,
206,104.18,
4338,81.19,
227,103.41,
4574,80.97,
234,102.44,
4581,80.78,
261,103.23,
4415,79.1,
280,101.87,
4085,79.2,
249,100.61,
3404,81.08,
269,103.86,
3644,80.8,
289,102.54,
3586,82.16,
249,105.22,
4187,85.91,
3206,88.18,
2114,91.43,
1393,91.99,
941,90.43,
684,91.19,
789,90.76,
1802,91.77,
4191,86.17,
6021,78.18,
5507,46.41,
716,89,
4878,54.24,
323,97.58,
4856,79.03,
220,103.46,
5132,77.21,
225,102.65,
4962,77.41,
200,104.28,
4494,78.62,
184,101.84,
4516,82.09,
180,105.14,
4612,81.14,
205,103.54,
4695,80.6,
201,104.33,
4406,81.47,
212,103.68,
4150,79.12,
215,103.02,
3323,81.37,
250,104.16,
2702,84.26,
260,104.95,
2459,84.49,
200,103.35,
2574,88.96,
2033,90.08,
1450,90.08,
1113,91.12,
79,105.9,
870,93.09,
787,94.38,
873,95.34,
1752,93.74,
3482,87.83,
5319,80.33,
4908,80.89,
387,100.21,
4854,79.1,
351,100.12,
4943,77.44,
353,101.47,
5356,74.44,
464,96.61,
4881,67.25,
524,95.43,
4107,85.47,
413,106.32,
4894,75.25,
459,99.06,
4954,72.32,
398,98.64,
4665,78.02,
357,99.83,
4383,80.24,
319,102,
3923,81.95,
255,103,
3331,83.46,
223,103.81,
2974,83.8,
240,105.46,
2908,84.27,
204,103.03,
2620,84.87,
160,104.77,
2053,87.84,
130,105.04,
1381,91.24,
84,107.86,
900,92.38,
62,108.32,
732,92.04,
530,93.01,
505,94.25,
819,93.23,
1710,93.21,
2881,91.4,
3268,86.15,
284,104.38,
3835,81.61,
247,102.08,
4676,77.64,
276,100.4,
5122,60.36,
365,94.6,
4747,73.91,
331,98.93,
4644,75.81,
353,100.3,
4514,78.18,
295,101.68,
3978,81.7,
260,103.6,
4016,81.55,
266,102.75,
4032,80.78,
263,103.51,
3452,83.59,
219,103.64,
2751,83.56,
219,102.97,
2430,85.69,
215,103.72,
2371,84.73,
186,104.13,
2238,85.76,
158,103.78,
1811,89.46,
118,106.48,
1362,90.27,
101,110.76,
921,91.53,
74,108.42,
843,87.83,
657,79.23,
587,81.8,
720,86.44,
1422,89.37,
2105,91.71,
2129,90.7,
246,107.18,
2605,88.32,
203,104.22,
3462,83.11,
224,103.64,
3978,82.66,
253,102.99,
4535,80,
243,103.47,
4402,80.66,
234,103.36,
4446,80.2,
243,104.5,
4146,81.42,
246,104.27,
4084,82.28,
236,104.06,
3758,83.26,
240,106.1,
3435,84.48,
207,105.71,
2799,84.65,
245,102.37,
2509,85.45,
323,100.78,
2315,86.98,
218,104.24,
2236,86.8,
182,106.57,
2013,88.88,
129,108.57,
1436,91.33,
91,106,
956,92.19,
70,109.09,
757,93.2,
553,93.06,
513,89.86,
591,92.89,
1198,94.48,
1647,96.86,
1795,93.73,
204,105.89,
2075,91.32,
187,105.45,
2930,87.98,
202,103.81,
3543,84.32,
213,104.09,
4014,82.27,
195,102.52,
3970,83.32,
205,104.25,
4454,80.83,
222,104.83,
4514,80.67,
249,103.25,
4706,79.15,
256,103.5,
4526,80.07,
278,102.69,
4279,79.22,
252,104.1,
3622,81.48,
275,101.14,
3731,81.37,
339,103.4,
3688,82.1,
254,103.81,
3721,85.21,
2832,87.12,
1985,91.28,
1269,93.29,
927,90.95,
721,88.17,
850,92.17,
1868,93.91,
4380,85.89,
6531,78.84,
5623,49.06,
674,94.54,
5093,58.02,
318,100.54,
4712,80.44,
205,101.41,
4943,75.72,
214,101,
4995,74.69,
219,100.54,
4540,79.01,
170,102.33,
4641,78.84,
187,104.24,
4680,79.06,
200,104.12,
4590,79.96,
195,104.52,
4514,80.35,
204,104.48,
4282,81.74,
210,104.64,
3431,81.31,
234,104.05,
2645,83.57,
225,104.92,
2622,86,
191,106.78,
2450,90.63,
1926,91.33,
1433,92.08,
1201,89.81,
946,88.87,
801,86.9,
739,89.15,
1337,91.24,
2693,90.09,
5001,84.36,
4522,36.46,
532,94.85,
4658,30.54,
333,94.68,
5129,55.85,
250,97.82,
4478,69.93,
229,99.75,
4996,69.01,
248,99.25,
4955,73.79,
193,101.11,
4683,78.62,
225,104.07,
4725,78.7,
205,103.34,
4579,79.67,
210,106.42,
4315,81.34,
214,103.59,
4367,70.8,
214,102.94,
3476,80.31,
231,102.78,
2688,84.72,
242,104.01,
2558,86.05,
201,105.85,
2641,90.85,
1893,91.21,
1491,91.34,
1319,91.3,
1051,89.47,
827,88.6,
800,86.97,
1243,91.64,
2640,91.54,
5068,85.12,
5444,74.43,
476,102.46,
5472,59.66,
305,98.54,
5373,74.06,
238,101.22,
4954,76.12,
216,101.21,
5024,74.25,
224,101.84,
4926,74.4,
205,101.8,
4858,77.09,
207,103.57,
4516,79.16,
204,103.57,
4408,80.11,
177,103.38,
4423,80.74,
209,102.99,
4553,79.73,
221,104,
3545,82.01,
222,102.46,
2387,86.34,
227,104.89,
2327,87.14,
210,105.13,
2874,88.46,
2195,90.92,
1615,91.78,
1309,91.32,
1079,88.83,
860,87.49,
800,88.83,
1254,92.61,
2587,90.74,
4639,85.41,
5356,80.64,
504,103.26,
5444,80.87,
286,103.82,
5496,72.42,
246,100.9,
5335,70.06,
246,97.14,
5045,71.58,
264,100.27,
4519,76.93,
229,101.59,
4847,74.83,
239,101.99,
5221,71.55,
240,101.31,
4933,58.44,
246,100.53,
4792,79.25,
250,102.78,
4894,77.42,
269,101.71,
4486,77.1,
301,100.78,
3604,79.16,
300,101.35,
3390,80.23,
345,99.64,
4545,81.89,
3698,86.26,
2610,89.38,
1888,90.47,
1477,90.11,
1084,91.03,
1067,91.12,
1598,91.1,
3466,87.84,
5501,57.37,
5213,38.57,
636,85.84,
4748,32.98,
565,87.52,
4052,25.61,
521,87.04,
4372,30.12,
513,87.72,
4140,28.35,
531,87.04,
3888,25.26,
430,89.8,
4081,26.41,
426,91.18,
4108,27.42,
408,97.62,
4284,52.91,
337,102.7,
4081,81.33,
372,98.72,
4417,79.27,
362,98.32,
3617,80.79,
261,101.21,
3136,81.56,
255,103.84,
2676,83.3,
179,105.76,
3042,87.25,
2430,89.91,
1673,91.83,
1308,91.2,
993,92.06,
813,91,
771,89.52,
1153,92.07,
2521,91.31,
4030,85.68,
4511,78.76,
403,102.22,
4477,82.78,
259,102.65,
5136,75.89,
266,99.72,
5247,65.9,
292,98.17,
4923,75.95,
266,99.9,
4640,78.75,
231,101.69,
4863,78.04,
322,101.45,
4731,77.5,
268,102.57,
4598,79.71,
267,102.86,
4540,79.74,
318,103.2,
4223,81.71,
229,107.97,
3612,79.43,
263,100.95,
3123,81.55,
231,104.26,
2673,83.93,
178,105.1,
2917,87.55,
2390,90.33,
1660,92.1,
1185,93.18,
770,92.41,
598,91.3,
546,93.08,
716,94.14,
1684,93.76,
2657,92.9,
2877,88.84,
270,105.39,
3487,84.73,
207,102.77,
4286,78.71,
222,100.49,
4446,80.23,
238,103.01,
4485,80.58,
210,103.98,
4419,81.33,
200,104.28,
4496,79.47,
234,102.96,
4455,79.2,
264,102.14,
4551,78.92,
266,101.72,
4651,77.89,
266,102.13,
4353,80.43,
246,103.5,
3774,80.58,
271,102.35,
3539,80.45,
298,102.77,
3621,80.35,
218,103.3,
4051,84.85,
3287,88.14,
2167,92.69,
1335,92.9,
1039,92.79,
796,90.18,
939,92.6,
1844,92.96,
4251,85.17,
6301,78.19,
5468,44.84,
678,93.67,
4591,31.08,
413,94.09,
5206,42.07,
272,92.97,
5133,69.74,
213,99.06,
5076,73.09,
220,100.31,
4778,75.58,
188,101.64,
4299,68.22,
202,99.83,
3524,39.34,
244,93.85,
4029,46.74,
226,96.46,
4128,58.44,
244,100.62,
4348,77.72,
223,103.46,
3422,81.32,
229,104,
2690,84.1,
235,104.1,
2681,82.88,
200,104.76,
2579,89.98,
2056,90.59,
1721,90.91,
1282,89.79,
1007,89.33,
803,88.2,
870,89.43,
1309,92.1,
2622,90.17,
5101,83.87,
5228,74.86,
504,101.08,
4932,77.83,
284,102.6,
5453,71.73,
255,98.76,
5231,70.12,
236,99.19,
4782,59.91,
251,99.61,
4371,71.9,
220,100.85,
4789,74.2,
201,103,
4702,73.01,
211,103.1,
4321,70,
184,104.28,
4683,78.71,
230,103.37,
4437,80.63,
212,103.8,
3441,83.12,
224,102.65,
2786,86.52,
239,104.78,
2923,85.6,
245,104.24,
2696,89.57,
2247,89.87,
1802,89.12,
1334,88.25,
1075,87.83,
914,87.43,
825,88.32,
1301,89.81,
2796,89.46,
4568,84.46,
5322,78.88,
529,101.63,
5215,77.35,
328,100.25,
5363,72.38,
272,100.11,
4002,50.34,
260,94.63,
5055,61.38,
230,97.9,
4776,72.07,
225,98.84,
4472,77.26,
222,102.61,
4416,78.23,
222,101.91,
4420,78.21,
210,102.51,
4387,79.8,
224,102.24,
4142,81.64,
217,106.25,
3542,83.68,
215,103.46,
2868,86.04,
257,105.44,
2764,86.29,
219,104.88,
2755,89.87,
2404,87.95,
191,86.6,
65,107.56,
70,78.07,
2,105,
60,107.41,
27,82.4,
3,104.07,
435,80.25,
39,102.43,
69,83.29,
60,107.59,
30,117.16,
85,99.73,
119,86.55,
1,98,
4188,82.02,
199,105.05,
4441,81.02,
225,104.34,
3499,82.76,
227,104.8,
2748,85.65,
235,104.18,
2668,86.12,
195,104.14,
2605,89.7,
2148,90.94,
1570,91.62,
1261,91.27,
1060,89.23,
807,91.33,
823,90.89,
1239,91.71,
2730,90.52,
4851,85.4,
5587,76.93,
533,100.91,
5366,60.93,
367,97.9,
4827,44.22,
300,94.31,
3991,26.17,
305,89.24,
3771,27.6,
309,85.62,
3796,28,
238,94.07,
4150,81.92,
200,104.13,
4855,79.74,
230,105.07,
4157,83.13,
190,105.3,
3994,82.78,
231,104.45,
4685,79.09,
222,102.36,
3461,81.52,
203,101.99,
2734,84.8,
254,105.73,
2803,84.41,
212,104.67,
2678,89.23,
2243,89.62,
1607,89.72,
1436,88.8,
1061,88.41,
840,86.44,
789,86.99,
1206,89.63,
2729,89.78,
4849,83.44,
5393,77.17,
506,100.87,
5279,77.95,
305,102.32,
4895,60.88,
281,97.29,
4570,36.64,
259,92.6,
3946,74.48,
213,101.24,
4055,80.88,
201,103.63,
4014,80.64,
196,104.72,
3911,82.21,
195,104.78,
3922,81.78,
228,104.9,
4445,79.08,
210,103.6,
4537,80.28,
226,103.48,
3374,82.13,
225,104.12,
2711,85.25,
255,102.78,
2478,86.23,
195,104.14,
2601,89.41,
2250,89.67,
1658,90.38,
1417,89.44,
983,89.01,
784,87.14,
786,87.6,
1136,90.85,
2721,89.2,
4821,83.77,
5378,61.85,
548,97.8,
5262,53.02,
320,98.45,
5072,72.96,
279,97.75,
5169,46.26,
274,96.19,
5117,47.71,
261,96.8,
4903,59.38,
251,99.96,
4666,78.75,
195,103.66,
4408,80.86,
197,104.77,
4632,79.54,
199,103.78,
4489,80.47,
232,103.48,
4276,81.42,
244,102.89,
3423,82.34,
234,103.82,
2649,86.16,
252,103.94,
2855,83.58,
229,103.14,
2852,88.61,
2454,89.47,
1787,88.8,
1348,88.84,
974,88.22,
780,85.39,
830,86.85,
1257,90.14,
2794,88.32,
4977,83.89,
5314,76.76,
503,101.07,
5371,76.14,
332,101.89,
4833,78.54,
267,100.01,
4483,79.36,
247,102.77,
4582,77.81,
259,102.35,
4610,78.91,
221,102.6,
4810,69.17,
255,101.31,
4487,80.38,
241,103.26,
4491,80.41,
266,102.65,
5095,69.68,
303,99.23,
5191,55.08,
307,96.87,
4333,78.69,
327,100.2,
3681,81.2,
385,100.72,
3589,80.98,
378,100.58,
4624,82.99,
3498,86.58,
2660,87.44,
1881,88.62,
1414,88.56,
1071,89.2,
992,89.23,
1444,90.91,
3193,86.9,
5081,80.37,
4861,39.57,
655,84.03,
4580,31.07,
572,85.57,
4108,26.99,
472,87.91,
4708,35.54,
442,93.16,
4892,55.93,
357,94.36,
4734,74.26,
314,100.17,
4958,77.17,
348,100.53,
4678,79.88,
317,102.29,
4857,78.83,
342,102.39,
4716,79.72,
365,101.86,
4822,77.98,
325,98.93,
3930,78.93,
312,100.07,
3588,80.82,
295,102.1,
3341,80.95,
222,101.6,
3603,85.52,
2909,88.24,
1939,90.45,
1340,91.87,
912,91.3,
665,91.08,
601,90.1,
836,92.61,
1938,92.33,
3041,88.65,
3281,82.71,
373,103,
4010,81.66,
275,101.32,
4703,79.81,
270,101.13,
5244,75.44,
266,101.26,
4813,79.12,
235,102.3,
4498,80.58,
221,103.25,
4446,80.97,
237,103.09,
4653,79.08,
280,102.95,
4726,78.58,
284,100.58,
4765,80.18,
315,102.87,
4665,78.54,
295,100.99,
4109,78.76,
341,99.31,
4032,80.05,
360,101.09,
3949,80.38,
300,101.52,
4716,83.74,
4126,84.45,
2710,89.53,
1642,91.07,
1197,89.57,
802,88.27,
956,91.3,
1933,91.46,
4520,85.04,
6230,78.55,
5561,43.99,
721,88.93,
5371,42.67,
420,93.49,
5109,75.42,
285,99.86,
5169,48.14,
298,95.58,
5249,53.41,
297,92.68,
4857,76.01,
215,102.78,
4843,77.67,
206,103.91,
4694,79,
225,102.86,
4560,79.72,
208,105.48,
4421,80.43,
221,104.71,
4292,65.9,
222,102.87,
3429,82.92,
235,102.23,
2781,84.76,
258,103.51,
2795,84.8,
215,105.11,
2789,89.46,
2313,88.51,
1717,89.4,
1329,88.29,
1045,88.43,
913,85.58,
902,88.07,
1335,90.14,
2892,89.16,
5022,83.69,
5568,76.35,
539,99.15,
5245,70.73,
359,99.35,
4844,77.05,
268,99.72,
4485,78.84,
245,102.07,
4358,79.53,
234,104.07,
4190,80.43,
217,102.32,
4233,81.29,
208,105.72,
4059,82.03,
207,104.94,
3879,82.81,
204,102.68,
3877,82.92,
219,103.92,
4015,81.68,
221,103.43,
3428,82.71,
240,103.68,
2725,85.25,
236,104.27,
2686,86.15,
220,103.18,
2697,89.8,
2251,91.17,
1663,91.26,
1284,90.44,
1037,89.06,
849,89.28,
754,90.01,
1162,93.32,
2697,91.04,
4682,83.99,
5433,78.19,
546,100.49,
5293,79.25,
348,100.91,
4856,77.52,
239,100.03,
4593,77.99,
233,103.06,
4529,78.88,
224,102.98,
4401,78.99,
200,104.18,
4830,77.15,
185,103.7,
4758,79.69,
212,104.31,
4478,80.17,
204,104.65,
4374,81.13,
227,103.07,
4529,79.51,
219,104.51,
3436,82.24,
256,103.93,
2800,85.96,
243,104.7,
2675,86.35,
200,103.49,
2857,89.55,
2430,90.05,
1844,89.85,
1401,88.82,
1022,87.96,
834,86.17,
860,88.13,
1212,89.36,
2835,89.78,
4883,83.03,
5596,74.63,
549,99.24,
5328,50.7,
383,97.54,
5172,73.39,
275,99.92,
5361,58.6,
295,97.29,
5173,74.25,
257,102.39,
4730,64.46,
247,100.23,
4083,43,
257,95.36,
4184,80.8,
192,104.45,
4533,80.09,
195,103.76,
4466,81.18,
244,104.57,
4358,78.85,
234,103.69,
3522,81.84,
251,101.9,
2722,84.41,
271,103.5,
2878,83.69,
215,103.34,
2871,89.52,
2544,89.1,
1867,89.69,
1520,88.2,
1159,87.38,
923,86.52,
839,88.17,
1281,90.03,
2732,89.83,
5084,82.51,
5486,78.95,
529,101.11,
5030,79.22,
325,102.39,
4919,78.38,
268,99.64,
5233,71.96,
288,98.74,
5192,72.63,
271,100.95,
4779,74,
256,100.86,
5105,76.8,
261,103.2,
5168,78.15,
287,102.04,
5230,77.07,
289,102.66,
5234,72.44,
307,101.73,
5168,74.07,
350,98.86,
4154,28.19,
403,88.99,
3618,69.33,
373,97.94,
3550,79.16,
358,100.95,
4382,83.89,
3582,86.08,
2524,88.26,
1935,89.48,
1512,89.15,
1138,89.85,
1167,88.26,
1707,89.91,
3474,86.83,
5504,77.65,
5308,46.4,
754,82.66,
4688,31.33,
638,87.89,
4364,30.02,
480,89.59,
4597,39.71,
456,92.46,
4683,77.7,
372,101.41,
4869,76.12,
310,101.19,
4682,77.87,
352,100.46,
4945,76.49,
315,100.36,
4633,79.43,
358,100.69,
5008,76.72,
354,100.6,
4612,77.21,
312,100.76,
3993,79.03,
310,100.13,
3396,76.83,
309,100.29,
3409,73.04,
262,100.03,
3551,86.33,
2977,87.99,
2088,91.12,
1049,88.83,
831,87.85,
720,88.09,
636,89.41,
1079,90.51,
2601,89.83,
4845,87.04,
5259,79.32,
462,102.5,
4881,78.83,
243,102.52,
4098,80.89,
202,102.96,
4145,80,
216,102.78,
4187,80.37,
182,102.36,
4072,80.25,
175,104.59,
3965,80.77,
188,103.01,
3964,81.93,
197,103.78,
3823,82.51,
175,105.77,
3821,82.9,
198,105.84,
4296,81.33,
205,104.09,
3451,85.23,
210,104.3,
2486,85.33,
215,103.19,
2459,85.71,
189,104.67,
2235,90.58,
1817,91.02,
1356,89.8,
1106,83.61,
879,78.69,
747,86.55,
656,88.31,
1073,82.05,
2061,85.84,
4123,85.49,
4713,78.86,
459,102.8,
4485,78.3,
241,103.83,
4541,76.1,
199,101.66,
4234,77.67,
204,102.32,
4266,73.55,
167,100.89,
3986,72.32,
190,101.42,
3682,81.09,
180,104.13,
4050,78.81,
201,103.55,
3973,80.51,
174,103.92,
3918,80.67,
183,102.77,
3659,78.17,
210,102.58,
3157,81.23,
210,102.01,
2170,81.88,
196,99.18,
2139,80.82,
187,100.44,
2020,84.75,
1588,85.17,
1165,84.94,
847,77.99,
656,84.16,
473,82.97,
503,81.79,
764,83.68,
1730,63.81,
3411,81.73,
3864,74.62,
454,111.1,
4158,60.22,
254,100.08,
4174,80.65,
211,102.39,
4523,77.7,
193,103.89,
4353,79.19,
178,101.28,
4272,80.1,
165,104.43,
4303,80.17,
174,103.42,
4374,80.09,
179,103.22,
4381,80.13,
183,104.15,
4172,81.89,
185,104.17,
4291,82.69,
199,105.59,
3291,86.11,
199,104.42,
2449,86.14,
209,101.91,
2315,86.68,
161,103.88,
2352,90.02,
1846,90.19,
1427,85.73,
1078,81.94,
992,76.92,
811,79.48,
709,88.05,
1256,91.67,
2851,89.9,
5146,85.72,
5218,80.29,
452,104.37,
5087,79.07,
231,102.77,
4431,78.57,
224,100.89,
4424,79.09,
221,99.65,
4214,79.04,
207,101.21,
4288,78.56,
212,101.96,
4220,79.32,
202,103.17,
4434,77.53,
235,104.5,
4263,80.75,
195,105.45,
4477,80.06,
219,106.4,
4774,78.65,
246,105.91,
4540,80.15,
262,104.65,
3471,81.45,
317,102.7,
3310,81.09,
284,102.1,
3978,84.51,
2958,87.45,
2170,90.02,
1395,91.71,
1145,89.53,
919,90.49,
866,90.62,
1505,91.81,
2951,88.73,
4828,85,
4820,79.82,
364,102.06,
4722,78.52,
232,100.75,
5190,72.87,
262,99.68,
5028,71.3,
236,99.36,
4960,75.27,
225,102.67,
4694,77.97,
218,100.51,
4868,75.36,
247,100.45,
4684,76.3,
253,102.62,
3817,82.91,
216,104.86,
4173,82.28,
226,106.08,
4340,80.88,
212,102.79,
3765,82.87,
197,104.26,
2784,83.79,
196,103.41,
2392,85.79,
143,104.01,
2476,89.42,
2136,90.64,
1391,92.9,
988,94.08,
664,91.66,
486,91.26,
443,90.81,
747,92.51,
1707,93.27,
2524,94.08,
2417,90.54,
209,107.08,
2545,87.39,
147,105.88,
3104,83.59,
172,103.83,
3448,82.45,
187,103.41,
3599,84.64,
156,105.45,
3750,83.04,
157,104.59,
3862,84.02,
185,104.22,
4178,81.65,
199,103.03,
4491,79.39,
203,103.19,
4087,80.8,
208,103.8,
3899,81.33,
195,103.16,
3657,80.93,
180,102.91,
3322,79.8,
263,96.77,
3138,78.57,
209,97.92,
3700,80.18,
3179,81.82,
1993,86.31,
1224,85.72,
897,80.3,
620,82.11,
698,83.71,
1455,87.38,
3283,85.2,
4982,73.67,
4211,39.23,
631,84.1,
4059,58.71,
262,95.49,
3412,77.85,
200,102.62,
3393,64.55,
192,97.09,
3465,52.24,
186,102.51,
3332,73.96,
180,100.01,
3555,81.08,
159,103.6,
3691,77.14,
185,103.01,
3394,73.07,
176,99.5,
3470,73.6,
185,101.4,
3747,74.27,
200,102.15,
2865,79.04,
200,101.77,
2017,76.5,
189,98.18,
2093,77.86,
166,96.93,
2127,84.02,
1734,87.52,
1220,87.75,
951,82.36,
738,80.39,
735,80.27,
756,80.86,
1304,87.52,
2532,90.63,
4956,86.21,
5346,79.29,
437,102.86,
5006,76.27,
249,100.84,
5240,74.57,
209,99.9,
5118,73.6,
202,99.19,
4830,74.59,
184,100.43,
4559,77.1,
176,102.6,
4749,76.47,
197,102.36,
4824,76.79,
210,102.33,
4568,78.86,
188,108.05,
4324,81.54,
185,106.1,
4430,81.65,
188,108.18,
3434,85.09,
187,106.2,
2643,85.37,
225,103.73,
2428,86.04,
182,105.71,
2457,89.87,
1924,91.62,
1420,91.32,
1057,91.9,
822,89.82,
719,86.53,
731,79.6,
1107,84.48,
2205,86.41,
4565,84.62,
5113,78.73,
473,102.34,
4773,79.91,
231,102.13,
5145,75,
203,101.27,
4980,69.45,
207,101.35,
4655,66.8,
186,100.08,
4682,76.19,
157,102.43,
4540,76.23,
199,101.43,
4453,78.95,
189,104.91,
4142,74.82,
170,100.3,
3956,78.11,
206,102.47,
3925,76.91,
195,101.3,
3365,80.6,
206,104.46,
2301,83.9,
214,100.07,
2295,79.87,
190,101.81,
2500,83.79,
2046,83.44,
1433,87.88,
1072,90.28,
856,89.07,
708,88.41,
654,89.75,
1130,92.32,
2710,90.12,
4885,85.89,
5287,78.61,
502,101.03,
5073,78.35,
264,102.6,
4518,78.79,
219,100.27,
4688,75.55,
230,99.04,
4540,76.76,
208,101.49,
4281,78.47,
203,102.22,
4414,77.74,
191,103.31,
4050,78.27,
210,103.23,
4091,79.8,
180,104.45,
3933,81.94,
222,104.52,
4240,67.93,
213,94.42,
3587,67.31,
194,91.08,
2635,85.48,
244,106.35,
2622,84.14,
197,103.56,
2747,89.3,
2081,92.16,
1479,92.47,
1093,90.92,
946,89.04,
768,90.6,
722,91.38,
1224,91.44,
2711,90.08,
5034,85.67,
4887,76.64,
471,101.87,
5153,74.63,
263,102.03,
4685,76.15,
215,99.22,
5074,54.91,
235,95.87,
5049,52.69,
224,98.2,
4987,73.24,
228,99.69,
4942,69.81,
246,99.41,
4724,71.63,
258,99.46,
4780,74.18,
237,100.97,
5177,74.63,
238,101.55,
5129,60.41,
271,101.34,
4402,79.31,
255,102.73,
3134,79.31,
318,101.18,
3179,80.18,
328,97.19,
4232,79.91,
3338,81.64,
2356,82.76,
1551,83.14,
1269,81.89,
1059,82.64,
980,82.82,
1792,85.07,
3565,83.05,
5298,79.85,
5034,70.26,
536,95.46,
4478,69.96,
318,95.65,
4473,57.12,
366,92.86,
4372,54.36,
310,96.07,
4208,76.79,
294,100.36,
4399,77.52,
252,102.5,
4211,78.05,
248,101.44,
4478,76.92,
287,102.57,
4407,77.07,
259,101.62,
4445,78.17,
246,102.62,
4381,78.24,
213,104.25,
3805,80.22,
246,101.7,
2808,81.18,
207,97.93,
2452,82.88,
167,102.02,
2860,82.07,
2518,83.32,
1368,93.72,
997,94.81,
665,92.3,
501,91.66,
571,92.81,
1058,94.75,
2622,91.32,
4271,87.89,
4046,86.22,
302,106.24,
4412,84.39,
196,104.01,
3900,82,
186,102.33,
4149,80.76,
206,101.43,
4198,81.08,
164,101.63,
4329,81.24,
209,102.56,
4338,81.55,
205,104.71,
4497,80.34,
236,102.86,
4559,80.38,
200,103.68,
4360,81.21,
216,105.51,
4198,82.63,
195,106.55,
3846,82.92,
219,103.7,
3442,81.44,
246,101.96,
3568,80.86,
217,104.84,
4107,85,
3526,87.6,
2253,90.48,
1382,92.87,
930,91.61,
711,90.38,
850,91.92,
1791,93.91,
4201,86.22,
6483,79.64,
5805,55.81,
681,94.1,
4893,67.56,
336,98.96,
5015,66.8,
241,98.98,
4441,78.42,
206,99.35,
4839,74.55,
202,101.6,
4702,76.65,
176,103.28,
4754,76.64,
201,103.26,
4638,77.84,
198,101.83,
4336,79.13,
170,104.45,
4225,81.06,
186,106.14,
4323,82.36,
186,106.93,
3465,84.87,
191,104.72,
2557,84.48,
227,103.74,
2529,84.59,
178,107.08,
2486,89.45,
1914,92.26,
1510,91.82,
1085,89.75,
884,91.85,
751,89.16,
769,90.54,
1210,91.77,
2646,90.35,
5116,85.21,
5368,78.57,
487,101.66,
4997,77.19,
252,101.34,
5109,71.28,
221,97.44,
5200,69.65,
215,97.58,
4565,74.24,
215,101.34,
3877,81.06,
178,102.72,
3952,79.26,
202,104.19,
3910,81.06,
195,102.94,
3859,81.48,
174,104.62,
3985,80.89,
204,103.86,
4467,79.83,
196,104.58,
3435,83.43,
183,105.03,
2633,84.54,
241,104.23,
2648,84.96,
199,106.23,
2484,89.74,
2026,91.61,
1584,92.42,
1142,91.77,
1029,82.87,
859,81.5,
828,84.04,
1190,88.28,
2753,83.23,
5131,82.12,
5219,78.76,
480,101.72,
5016,78.33,
275,101.58,
4911,74.38,
218,100.59,
4863,74.59,
213,101.86,
4850,74.31,
201,100.73,
4798,71.88,
177,101.65,
4454,76.82,
183,102.42,
4050,78.36,
176,103.05,
4160,74.42,
188,100.09,
4096,77.19,
189,103.21,
4342,80.99,
190,103.57,
3393,84.28,
192,107.29,
2477,84.99,
218,103.9,
2421,85.14,
202,104.42,
2369,89.22,
2043,90.77,
1465,91.99,
1090,91.28,
860,90.72,
763,89.71,
696,90.36,
1179,91.84,
2660,91.37,
5324,83.58,
5352,77.86,
465,103,
5054,77.2,
265,102.75,
4934,74.79,
222,101.22,
5310,67.25,
224,98.5,
5023,69.88,
207,99.73,
4447,76.54,
150,95.07,
3973,80.11,
158,100.09,
3830,81.41,
197,102.69,
3818,81.2,
190,105.5,
3732,82.33,
195,106.49,
4238,81.29,
206,106.54,
3685,82.59,
198,104.61,
2687,84.37,
223,105.47,
2605,84.26,
216,103.62,
2613,89.2,
2143,90.68,
1630,91.17,
1299,90.81,
1041,89.03,
809,89.05,
740,89.74,
1238,90.87,
2842,89.17,
5243,83.99,
5396,78.63,
515,101.36,
5208,78.54,
266,102.68,
5307,71.3,
247,98.8,
5275,71.69,
227,101.23,
5013,72.25,
228,98.28,
5078,64.35,
239,101.17,
5147,63.85,
252,100.19,
4855,76.2,
238,104.16,
5024,77.25,
227,103.05,
5056,77.68,
247,102.88,
5084,78.82,
239,105.73,
4400,79.6,
258,104.18,
3316,81.84,
308,102.43,
3295,80.98,
316,101.93,
4310,82.16,
3434,85.64,
2353,89.75,
1737,90.88,
1383,90.88,
1109,90.75,
1107,91.23,
2001,91.35,
3799,83.92,
5799,75.46,
5036,45.86,
753,83.11,
4691,42.4,
503,89.01,
4547,38.54,
396,90.99,
4440,36.96,
398,87.58,
4257,43.28,
343,94.18,
3731,82.29,
249,103.42,
4416,79.48,
265,105.97,
4654,78.08,
283,103.54,
4735,77.54,
273,101.63,
4574,80.25,
286,103.98,
4097,81.96,
228,106.71,
3897,80.68,
246,102.64,
3149,81.97,
236,101,
2749,83.96,
182,105.16,
3019,88.04,
2333,89.89,
1697,91.5,
1193,92.96,
832,92.64,
648,92.16,
628,89.94,
1208,93.19,
2698,90.8,
4536,86.41,
3748,84.37,
312,103.57,
3552,83.52,
234,102.06,
4210,80.71,
244,101.11,
4581,79,
208,101.13,
4333,80.24,
165,101.17,
4035,81.81,
175,102.59,
4133,81.69,
197,105.11,
4475,80.47,
223,104.02,
4352,80.99,
215,105.71,
4407,81.99,
222,102.74,
4185,82.15,
195,104.34,
3849,82.01,
219,103.34,
3694,81.52,
256,103.65,
3601,81,
221,103.91,
4154,84.26,
2201,86.62,
154,90.85,
77,98.68,
2006,73.6,
143,98.88,
5113,65.07,
228,101.55,
4637,49.94,
197,98.96,
4350,61.32,
198,100,
4144,35.24,
227,95.4,
4310,80.08,
193,104.4,
4408,80.47,
197,104.54,
4447,80.76,
186,103.76,
3420,84.17,
211,105.28,
2692,85.1,
225,104.1,
2618,85.71,
191,104.54,
2691,89.4,
2119,90.7,
1653,91.32,
1262,90.8,
1001,91.18,
815,87.93,
873,88.09,
1352,91.23,
2909,89.09,
5584,82.97,
5390,77.78,
478,101.47,
5332,77.46,
288,101.97,
5171,42.82,
285,94.7,
4799,65.65,
212,98.92,
4246,80.24,
218,101.55,
4209,79.47,
194,103.32,
4068,80.3,
190,104.94,
3926,81.75,
186,105.48,
3929,82.97,
170,103.97,
3858,82.35,
204,104.3,
4567,80.23,
192,106.85,
3357,82.47,
207,104.16,
2600,85.23,
207,106.19,
2652,84.3,
213,102.83,
2820,88.73,
2215,89.83,
1676,91.78,
1275,91.11,
1069,90.13,
841,89.4,
789,88.48,
1262,91.36,
2855,89.78,
5247,84.05,
5465,78.66,
486,102.05,
5318,76.37,
306,101.03,
4626,77.9,
222,101.58,
4501,77.78,
222,99.53,
4495,78.35,
198,104.4,
4109,79.16,
186,104.77,
4035,80.13,
199,102.8,
3942,81.07,
183,104.9,
3899,81.34,
175,105.03,
4302,79.83,
194,105.07,
4415,81.09,
189,106.42,
3598,82.38,
229,106.59,
2600,84.82,
218,105.58,
2611,83.63,
216,104.56,
2703,88.7,
2188,89.96,
1612,91.8,
1272,91.92,
1087,90.33,
821,89,
769,88.42,
1193,90.87,
2887,89.7,
5088,83.17,
5539,70.28,
517,101.1,
5246,48.66,
339,98.31,
5425,64.53,
268,96.45,
5025,73.22,
225,98.09,
4360,78.07,
212,101.86,
4123,79.22,
185,103.43,
4068,77.9,
188,103.6,
4014,78.35,
220,101.56,
3965,78.69,
212,102.03,
4468,63.33,
231,100.97,
4099,82.99,
198,104.91,
3532,82.74,
205,103.45,
2706,84.36,
226,106.02,
2449,84.83,
221,105.02,
2997,87.49,
2319,90.68,
1807,91.65,
1350,91.88,
1139,88.54,
906,87.92,
771,88.68,
1312,91.22,
2837,90.31,
5014,85.14,
5393,79.22,
485,102.57,
5044,77.99,
278,102.1,
5497,71.33,
253,98.92,
5313,67.92,
237,99.33,
5130,74.14,
230,101.77,
5049,72.16,
197,102.33,
4919,67.56,
214,101.84,
4922,76.84,
221,102.16,
4804,78.69,
218,102.78,
5015,77.94,
266,102.96,
4362,81.56,
239,105.59,
4353,79.32,
274,102.04,
3094,83.54,
294,103.61,
3229,81.45,
317,102.82,
4120,84.63,
3319,87.17,
2502,89.31,
1885,89.42,
1446,91.54,
1108,89.69,
962,90.24,
1662,92.3,
3572,87.45,
5396,82.21,
5214,78.02,
503,98.83,
5042,77.34,
319,99.74,
5099,75.26,
318,96.88,
5031,71.85,
271,99.46,
4823,76,
252,100.5,
4712,76.71,
221,101,
4596,78.59,
261,102.38,
4639,79.22,
242,103.76,
4283,80.26,
227,103.4,
4528,80.39,
288,102.71,
4331,80.93,
237,105.59,
3794,80.77,
217,103.39,
3096,83.07,
217,103.56,
2777,84.72,
168,103.81,
3030,88.1,
2373,91.49,
1651,93.21,
1114,93.35,
749,91.26,
621,90.29,
601,91.66,
919,92.15,
2212,91.91,
3460,89.81,
3598,85.02,
278,104.4,
4233,82.72,
203,101.67,
4170,82.23,
202,101.44,
4263,80.4,
233,100.52,
4353,80.14,
168,101.6,
4056,82.39,
165,103.19,
4107,81.72,
205,104.52,
4140,82.16,
213,104.16,
4024,82.75,
207,103.46,
4237,82.54,
245,103.65,
4149,82.78,
193,104.65,
3731,82.35,
219,102.75,
3287,83.46,
235,103.32,
3277,81.74,
204,104.08,
3064,88.6,
3165,89.36,
2104,91.57,
1347,92.49,
1003,90.62,
825,89.59,
835,89.76,
1671,92.78,
3874,87,
6528,78.13,
5608,53.09,
625,95.33,
5227,57.97,
314,99.77,
5093,73.71,
226,100.79,
4752,75.16,
233,102.78,
5101,73.03,
226,102.95,
4902,75.98,
213,101.99,
4977,74.72,
224,101.35,
5134,75.48,
212,102.3,
4953,78.29,
226,105.08,
4593,79.88,
244,104.38,
4726,79.84,
210,104.5,
3925,81.43,
231,104.9,
3015,83.1,
250,105.71,
3051,82.97,
256,103.44,
3262,87.6,
2767,89.51,
2306,88.81,
1565,91.78,
1235,91.07,
998,89.72,
898,91.98,
1416,91.7,
2920,89.51,
5013,83.23,
5241,80.05,
490,102.7,
4734,80.29,
305,102.22,
4407,67.31,
284,99.88,
4573,57.83,
274,100.55,
4999,77.41,
261,102.86,
4600,79.79,
278,103.5,
5079,77.49,
319,101.97,
5423,72.98,
376,100.71,
4988,44.77,
477,91.68,
4878,77.8,
443,101.16,
4097,75.29,
433,102.98,
4211,78.16,
552,98.7,
3811,79.15,
645,98.16,
3957,78.51,
626,96.11,
4351,74.63,
712,93.27,
3910,74.9,
564,93.76,
3136,81.71,
427,97.6,
3236,81.39,
364,96.75,
2914,88.54,
2586,89.64,
3210,87.59,
4877,80.89,
5312,79.53,
6510,57.29,
3887,59.56,
708,87.96,
4244,81.48,
442,101.49,
5573,67.63,
555,96.17,
4990,74.89,
470,98.82,
4399,79.78,
443,100.52,
4953,75.62,
421,99.63,
4883,76.99,
385,100.53,
4867,78.57,
327,101.9,
4550,77.53,
303,101.49,
4413,73.04,
327,99.95,
3717,84.68,
242,105.46,
3328,81.98,
225,102.75,
2892,73.03,
228,101.6,
2885,77.3,
204,103.4,
2618,82.99,
192,104.98,
2126,87.42,
139,102.69,
1529,90.49,
125,106.73,
2092,90.07,
1512,91.64,
1187,91.17,
1137,92.75,
1682,91.72,
3779,84.68,
6159,73.85,
5347,47.86,
666,89.62,
4525,36.61,
475,93.14,
4046,58.95,
372,96.6,
4467,78.06,
401,99.54,
4705,58.34,
380,95.92,
4170,52.16,
335,91.87,
3839,70.96,
355,95.7,
4578,72.26,
378,96.16,
4042,78.53,
314,100.44,
4075,78.9,
318,101.01,
4530,80.94,
303,103.05,
3836,82.94,
249,105.72,
3163,83.99,
226,101.9,
2743,83.29,
187,105.12,
2781,76.9,
2283,82.19,
1723,83.06,
1254,85.82,
789,83.08,
627,81.07,
648,84.74,
878,86.96,
1720,85.77,
2614,87.68,
2992,78.66,
318,101.55,
2818,77.87,
253,100.62,
3338,62.69,
322,94.43,
2960,31.53,
299,89.61,
2874,43.44,
261,92.44,
2953,82.71,
251,102.95,
4203,80.39,
284,103.02,
4649,78.62,
314,101.29,
4185,69.44,
318,95.65,
3116,30.34,
340,88.17,
2791,18.91,
341,84.61,
3344,74.52,
276,102.03,
3666,78.53,
323,98.26,
3271,78.57,
260,99.45,
3827,80.37,
3370,81.09,
2121,91.01,
1371,92.4,
942,91.25,
719,90.11,
833,85.46,
1476,88.57,
3262,69.2,
394,55.48,
77,97.5,
2503,80.02,
166,103.7,
3151,79.18,
219,100.77,
2531,80.17,
209,99.15,
2248,79.01,
238,96.82,
2268,86.46,
1849,86.78,
1466,86.66,
1143,87.28,
864,84.63,
759,87.4,
684,84.27,
1070,87.05,
2173,88.05,
4118,88.88,
4629,81.62,
444,103.08,
4321,81.99,
248,103.14,
4355,73.82,
262,99.37,
4120,34.68,
266,95.16,
4064,77.91,
222,103.05,
3790,81.39,
215,102.63,
4578,79.74,
221,102.45,
4602,78.02,
242,103.39,
4551,79.42,
215,102.19,
3895,81.58,
222,103.99,
4534,81.72,
233,105.11,
3641,85.73,
232,104.45,
2889,85.91,
224,102.99,
2398,86.22,
193,103.5,
2538,89.61,
2136,90.88,
1646,91.2,
1202,91.98,
833,90.44,
686,90.13,
679,90.94,
1079,92.48,
2333,90.84,
4361,87.83,
4728,79.76,
442,102.08,
4551,79.86,
243,102.75,
4780,76.78,
237,99.39,
4709,74.1,
238,101.33,
4430,62.21,
234,95.93,
3668,72.14,
230,100.67,
3978,73.38,
238,97.96,
3998,67.79,
250,97.59,
2066,78.9,
117,99.63,
437,80.82,
16,104.16,
4212,83.31,
219,107.79,
3630,85.15,
218,106.14,
2888,85.19,
244,103.18,
2443,85.74,
198,104.67,
2519,88.84,
2048,91.03,
1624,88.44,
1307,83.73,
947,81.59,
725,79.35,
668,69.16,
918,74.24,
1728,66.66,
3133,68.73,
3519,66.69,
468,90.71,
3878,42.74,
350,92.49,
3888,63.63,
251,96.21,
3741,69.29,
246,96.32,
3940,64.54,
260,97.69,
3497,77.5,
216,102.24,
4296,76.11,
223,103.62,
4232,73.23,
235,102.15,
3976,82.47,
235,104.77,
4199,81.03,
205,104.14,
4265,77.95,
211,105.69,
3455,85.77,
215,105.15,
2805,86.78,
224,104.19,
2230,87.5,
195,106.22,
2363,89.92,
2008,90.75,
1539,93.29,
1099,91.74,
877,91.71,
707,91.14,
683,90.7,
979,88.59,
1932,91.86,
3732,89.27,
4702,82.39,
445,104.11,
4544,81.74,
254,104.37,
4424,80.07,
223,102.06,
4661,73.64,
234,101.29,
4863,67.95,
255,100.84,
4655,75.88,
226,100.15,
4570,61.34,
268,97.47,
4487,65.43,
268,97.81,
4802,51.21,
284,93.92,
4872,76.76,
293,102.88,
4964,79.76,
284,104.67,
4161,83.23,
308,103.9,
3428,82.91,
294,102.65,
3363,81.01,
343,99.77,
3382,87.41,
2854,87.65,
2018,90.67,
1550,91.25,
1132,90.48,
892,91.14,
810,90.88,
1062,91.63,
2371,90.61,
3831,86.84,
4059,77.77,
401,99.05,
3740,77.05,
299,98.92,
4318,74.46,
311,99.37,
4385,77.62,
272,101.45,
3928,78.01,
236,100.75,
4098,74.93,
279,99.98,
3636,79.51,
273,101.56,
3966,82.16,
261,101.86,
4482,79.72,
320,103.02,
4437,79.74,
285,102.2,
4093,79.18,
272,103.05,
3339,79.83,
241,102.78,
2915,76.66,
245,96.8,
2378,77.22,
195,97.93,
2296,82.66,
2012,82.52,
1440,86.18,
954,89.37,
730,87.48,
535,81.39,
460,81.89,
589,74.1,
941,83.87,
1484,83.29,
1898,70.25,
210,93.3,
2116,70.37,
210,93.27,
2421,73.94,
209,98.37,
2878,70.94,
228,97.49,
2919,75.43,
214,99.27,
3062,76.46,
252,100.71,
3188,74.63,
244,98.28,
3734,77.5,
241,101.26,
4266,80.42,
267,102.82,
4328,76.59,
242,101.49,
4061,82.15,
227,104.06,
3317,85.38,
255,105.25,
3087,84.24,
256,102.77,
2946,85.03,
222,105.12,
3171,89.16,
2829,90.32,
1910,92.87,
1184,91.73,
754,90.71,
625,89.97,
726,91.05,
1507,94.12,
3668,87.95,
5635,81.9,
5081,79.39,
620,99.69,
4715,81.55,
303,102.62,
5008,78.18,
243,100.6,
5077,75.26,
263,100.22,
4278,79.21,
229,102.37,
2917,86.1,
209,102.81,
4229,75.49,
214,103.53,
4088,77.38,
203,101.19,
3990,74.84,
205,99.42,
3428,60.25,
222,91.9,
3770,61.12,
257,93.6,
3247,82.86,
229,103.72,
2431,83.19,
222,101.56,
2447,82.06,
204,99.71,
2280,88.17,
1827,83.61,
1484,80.53,
1065,83.12,
854,84.81,
736,82.58,
672,82.48,
915,85.01,
2003,86.35,
3744,86.43,
3853,60.92,
495,93.22,
3992,31.58,
337,87.82,
4254,38.29,
266,92.11,
4113,74.85,
233,99.44,
4338,56.14,
252,98.75,
4607,72.09,
217,102.92,
4680,78.36,
201,103.26,
4464,80.33,
214,105.68,
4451,80.14,
206,102.81,
4564,79.53,
229,103.63,
4336,79.46,
232,104.37,
3568,82.22,
235,104.68,
2616,82.99,
228,102.72,
2476,84.33,
212,100.95,
2313,90.48,
2037,91.19,
1624,91.93,
1223,91.38,
956,90.62,
725,90.7,
675,90.86,
1071,91.82,
2578,91.32,
4898,86.64,
5158,80.52,
482,102.98,
5086,78.78,
280,101.81,
5026,66.69,
288,98.5,
4620,75.26,
258,99.95,
4907,72.86,
271,100.95,
4901,60.24,
275,97.57,
4770,73.86,
239,100.31,
4524,77.65,
219,103.39,
4379,73.72,
207,99.71,
4361,79.47,
218,102.63,
4255,80.38,
232,104.92,
3616,83.96,
235,104.2,
2737,86.45,
220,105.05,
2774,83.34,
230,103.34,
2797,87.95,
2249,89.59,
1841,91.2,
1295,91.9,
1057,90.35,
713,90.94,
721,89.52,
1118,91.88,
2772,89.15,
5289,84.64,
5437,77.89,
507,102.59,
5155,77.32,
308,100.92,
5054,70.69,
278,97.51,
5184,66.68,
269,97.61,
5154,48.65,
280,91.67,
4958,50.05,
260,97.53,
4871,69.26,
259,98.97,
4487,78.04,
235,102.3,
4391,79.32,
216,101.93,
4662,78.26,
279,101.85,
4640,80.16,
224,106.55,
3776,83.82,
246,104.39,
2848,84.19,
238,102.12,
2846,82.71,
248,101.54,
3172,86.57,
2548,88.84,
1873,91.7,
1411,91.36,
1097,90.12,
802,89.4,
723,89.67,
1195,91.84,
2600,90.72,
4848,85.69,
5241,77.14,
497,102.79,
5037,76.53,
320,100.6,
5051,62.91,
337,98.52,
4979,57.01,
309,95.32,
5025,42.58,
299,92.48,
4904,39.15,
387,92.17,
5008,42.55,
362,93.52,
5063,48.57,
330,97.39,
4930,69.81,
388,96.68,
5147,48.15,
399,95.49,
5360,53.43,
390,96.72,
4735,68.94,
377,102.47,
3823,80.57,
437,100.94,
3799,77.33,
454,96.25,
4737,79.44,
4187,83.51,
2911,88.18,
2098,89.68,
1418,90.61,
1020,91.5,
1143,88.27,
1618,83.93,
3173,78.99,
5363,69.52,
4021,63.32,
603,84.28,
3724,46.42,
655,77.32,
3691,24.11,
594,82.05,
3739,25.38,
599,78.33,
3596,23.16,
503,84.3,
3394,21.59,
504,84.64,
3943,27.5,
437,89,
4116,63.42,
409,98.66,
3981,81.28,
368,102.58,
4462,81.15,
365,104.34,
4270,81.43,
388,103.44,
4145,81.76,
414,102.25,
3172,82.31,
335,102.6,
2742,83.87,
241,101.84,
2961,87.65,
2485,89.66,
1727,93.48,
1227,92.02,
829,92.51,
599,92.36,
600,90.07,
856,91.97,
1882,92.19,
3048,92.52,
3371,84.96,
292,104.78,
3830,81.44,
244,102.35,
4912,75.88,
276,99.51,
5024,74.01,
241,101.19,
4709,78.09,
251,100.7,
4645,77.75,
268,102.02,
4490,79.12,
275,102.22,
4609,78.3,
288,100.81,
4513,79.41,
287,102.19,
4605,78.92,
291,103.7,
4232,81.77,
238,105.48,
3892,82.93,
234,105.37,
3191,83.47,
231,102.86,
2887,82.57,
211,101.4,
3339,85.84,
2869,87.88,
2099,90.87,
1421,91.91,
1057,91.13,
777,90.5,
823,93.05,
1485,93.84,
3189,89.05,
4738,85.98,
4222,73.76,
355,100.65,
4114,82.09,
220,101.71,
4567,80.73,
219,101.46,
4912,77.35,
228,100.35,
4750,76.39,
243,100.88,
4162,75.09,
242,100.01,
4356,79.11,
217,104.78,
4735,77.55,
250,102.24,
4689,79.08,
218,104.21,
4370,79.09,
225,105.17,
2279,87.86,
2077,91.63,
1437,92.14,
928,91.51,
794,90.53,
812,90.97,
1556,92.68,
3614,87.42,
5988,81.36,
5469,73.31,
566,100.42,
4971,78,
370,101.6,
4784,76.73,
256,100.45,
4821,72.91,
230,101.41,
5074,71.75,
244,101.89,
4686,75,
224,101,
4842,75.63,
216,101.73,
4693,77.04,
215,104.52,
4489,78.62,
205,107.88,
4448,79.81,
221,106.91,
4565,80.09,
224,106.49,
3628,84.59,
205,107.12,
2869,86.31,
214,103.45,
2435,86.33,
228,106.24,
2965,87.75,
2239,89.43,
1771,90.38,
1249,91.18,
987,89.43,
829,88.3,
799,89.5,
1256,90.7,
2739,89.73,
5139,84.96,
5306,79.15,
483,102.89,
4959,77.41,
277,102.55,
4674,76.61,
235,100.61,
4615,62.54,
246,97.62,
3821,27.83,
298,86.81,
4470,65.4,
229,101.09,
4617,75.31,
226,102.02,
4673,77.61,
247,103.23,
4464,77.85,
194,105.86,
4145,80.53,
247,106.44,
4498,80.44,
227,106.8,
3720,83.97,
214,108.04,
2773,84.58,
227,103.17,
2687,84.35,
237,106.32,
2689,89.03,
2182,90.33,
1647,92.79,
1270,89.76,
890,89.01,
736,88.2,
772,89.09,
1256,90.95,
2767,90.56,
5103,84.72,
4953,55.47,
507,97.06,
5105,68.16,
310,99.72,
5004,73.65,
245,100.14,
5011,60.14,
246,98.96,
4778,61.3,
262,96.66,
4683,74.33,
243,101.3,
4618,76.72,
225,102.32,
4449,79.13,
221,103.29,
4326,79.69,
193,104.59,
4375,79.42,
221,103.82,
4411,81.13,
246,105.47,
3567,84.14,
215,105.71,
2659,85.18,
234,102.6,
2666,84.39,
221,105.48,
2660,88.92,
2168,91.11,
1713,90.73,
1275,91.3,
965,88.95,
785,89.88,
690,89.56,
1190,90.38,
2601,90.52,
4955,85.84,
4601,81.93,
495,103.43,
5019,76.5,
305,99.51,
4689,77.93,
253,100.29,
4932,71.05,
250,100.14,
4829,39.52,
266,94.13,
4650,72.28,
227,102.19,
4818,74.79,
277,102.09,
4663,76.46,
240,101.58,
4777,77.73,
231,104.42,
4962,76.42,
245,105.22,
4970,79.08,
275,103.09,
4436,80.32,
284,107.8,
3401,82.68,
320,102.85,
3269,81.04,
299,100.57,
3694,85.59,
2875,87.96,
2121,91.21,
1542,90.09,
1203,89.97,
901,90.68,
871,89.95,
1419,85.76,
2837,84.02,
4512,83.89,
4532,80.55,
410,101.15,
4239,82.63,
279,101.59,
4753,79.51,
252,103.46,
4893,77.54,
265,100.83,
4819,76.35,
261,100.91,
3979,73.49,
236,98.27,
3371,71.9,
242,96.67,
3758,77.14,
261,101.03,
4242,80.96,
268,104.15,
4516,80.47,
263,102.04,
4093,78.6,
240,104,
114,60.4,
11,92.39,
142,88.99,
27,113.84,
511,80.76,
29,103.52,
4291,82.58,
231,106.06,
4199,83.15,
207,105.61,
3989,84.58,
217,108.75,
3873,85.6,
191,106.11,
3574,85.25,
216,105.94,
3219,84.57,
239,104.35,
3214,84,
220,105.53,
3752,87.18,
3152,88.57,
2239,91.54,
1306,93.27,
914,90.49,
684,91.01,
821,90.48,
1735,93.44,
3604,88.86,
6236,82.59,
5406,39.61,
699,91.7,
5075,61.98,
323,98.84,
4991,72.16,
234,98.47,
4624,42.57,
243,94.06,
4423,29.09,
251,92,
4499,70.18,
188,101.65,
4508,78.32,
209,103.31,
4579,77.94,
215,103,
4440,79.53,
210,103.37,
4161,81.32,
221,106.05,
4297,82.26,
211,105.11,
3448,85.27,
214,105.5,
2611,85.76,
215,105.84,
2517,86.04,
210,103.97,
2402,89.72,
2073,90.99,
1457,91.74,
1136,90.76,
888,88.88,
676,88.34,
741,90.82,
1141,91.27,
2627,89.43,
5112,86.77,
5265,80.09,
442,103.29,
5028,78.54,
262,101.63,
4764,77.32,
222,99.25,
4238,79.49,
209,101.63,
4100,79.32,
207,102.04,
3869,79.73,
190,101.78,
3818,80.79,
205,102.64,
3828,81.44,
197,104.29,
3762,81.68,
182,105.01,
3754,81.89,
204,105.34,
4432,81.15,
220,107.28,
3419,85.39,
229,106.49,
2582,86.22,
231,105.12,
2553,85.64,
200,106.14,
2479,89.26,
2037,91.05,
1600,90.62,
1193,90.52,
900,88.83,
670,89.03,
659,88.62,
1021,89.61,
2346,91.07,
4664,87.47,
4962,81.01,
430,105.15,
4759,79.91,
245,102.66,
4301,80.06,
191,101.08,
3949,80.46,
192,100.83,
3665,81.52,
201,103.33,
3484,81.41,
186,103.16,
3602,81.55,
173,103.1,
3621,82.34,
188,104.44,
3653,82.51,
182,108.66,
3952,80.59,
192,104.01,
4110,82.89,
219,105.6,
3264,85.71,
214,105.82,
2504,83.14,
233,101,
2402,80.86,
193,103.11,
2140,89.84,
1686,86.82,
1246,85.9,
951,81.75,
773,80.5,
478,78.89,
538,77.54,
753,82.79,
1612,81.91,
3601,87.59,
4284,81.15,
396,102.07,
4195,80.6,
244,101.28,
4140,79.28,
198,100.49,
4484,78.87,
181,102.9,
4409,79.38,
182,102.01,
3854,81.8,
172,104.24,
3874,80.26,
184,102.65,
3865,81.18,
187,105.36,
3913,82.52,
185,104.99,
3824,82.04,
182,104.05,
3888,82.32,
206,103.64,
3262,86.49,
210,104.96,
2505,85.97,
229,102.48,
1370,83.92,
126,102.64,
152,90.12,
60,104.69,
754,80.44,
37,104.23,
4600,77.66,
198,101.45,
4668,78.56,
207,103.19,
4545,79.43,
232,105.45,
4518,79.36,
214,104.92,
4886,78.76,
240,104.29,
4826,80.46,
240,105.84,
4427,81.16,
285,103.76,
3282,81.91,
275,101.77,
3288,81.5,
287,104,
3601,85.39,
2579,88.81,
2158,87.57,
1529,84.77,
1167,84.1,
832,82.99,
845,85.33,
1377,87.52,
2625,86.79,
4165,88.13,
3165,87.74,
299,105.86,
2827,87.39,
189,104.59,
3585,79.95,
217,100.33,
4642,76.77,
272,100.82,
4511,77.84,
231,102.25,
4414,79.89,
229,101.71,
4003,81.23,
224,103.5,
3985,76.67,
244,102.34,
3599,79.09,
235,102.84,
3949,76.11,
273,100.93,
3721,80.62,
226,104.84,
3245,83.39,
203,105.7,
2422,78.03,
202,100.13,
2128,81.06,
148,100.09,
2220,89.11,
1913,84.9,
1395,85.45,
1133,83.93,
859,81.87,
520,86.53,
504,84.46,
752,87.33,
1449,88.81,
2315,94.7,
2233,91.34,
224,107.1,
2415,89.64,
156,106.66,
2985,86.48,
167,105.44,
3687,83.39,
180,107.1,
3895,81.72,
156,103.97,
3722,82.56,
186,106.76,
4022,82.57,
193,101.65,
4333,82.72,
219,104.98,
4399,82.75,
206,105.96,
4390,82.86,
204,107.28,
3946,83.75,
187,107.44,
3560,85.03,
207,106.11,
3109,80.03,
246,101.03,
3110,78.97,
204,99.97,
4025,77.61,
3285,86.83,
2019,91.7,
1234,92.88,
876,90.71,
648,90.29,
815,91.85,
1712,93.84,
4164,86.68,
6178,81.82,
4758,42.82,
666,90.51,
5084,61.75,
302,100.75,
4412,79.36,
210,101.24,
4219,79.91,
186,103.07,
4170,80.52,
197,103.09,
4102,80.45,
180,104.01,
4046,80.18,
188,103.73,
4072,81.26,
198,103.29,
3865,81.96,
194,105.58,
4051,79.97,
181,105.51,
4222,81.67,
222,104.8,
3597,84.01,
207,104.16,
2494,84.99,
230,103.51,
2479,85.35,
195,103.09,
2472,88.97,
1943,90.31,
119,90.94,
1133,88.87,
875,88.96,
681,88.89,
643,90.45,
1068,90.87,
2659,98.21,
4659,91.8,
4714,83.16,
471,102.55,
4535,83.27,
312,103.49,
4638,79.42,
321,99.51,
4553,76.35,
313,100.5,
4479,77.69,
301,102.45,
4055,79.91,
286,101.5,
3943,82.43,
244,104.26,
3828,84.29,
256,103.97,
3750,85.51,
252,103.62,
3578,86.08,
274,104.7,
3550,86.06,
303,104.91,
2956,89.04,
266,104.31,
2068,95.96,
272,104.15,
2172,90.39,
254,104.53,
2223,96.69,
1956,97.94,
1559,99.86,
1051,100.67,
832,97.66,
624,95.25,
615,96.01,
978,98.69,
2674,98.68,
4606,92.31,
4260,83.33,
503,101.41,
3981,84.3,
347,103.17,
4069,79.77,
320,100.82,
4078,78.49,
288,101.72,
4018,77.92,
308,101.12,
4014,78.9,
294,103.1,
3814,70.89,
266,101.55,
3419,74.72,
269,103.2,
3688,83.93,
251,104.07,
3707,85,
282,102.67,
3467,88.17,
301,105.61,
2951,92.64,
278,106.18,
2436,93.94,
252,104.92,
2250,89.92,
261,102.83,
2362,96.54,
2087,97.08,
1629,98.88,
1145,99.01,
911,98.01,
603,96.61,
641,97.29,
1003,98.3,
2442,100.47,
4466,93.36,
4315,84.62,
493,102.12,
3615,87.29,
322,103.35,
4247,79.57,
301,100.97,
3869,80.73,
301,101.88,
4156,75.95,
323,101.35,
4198,76.41,
328,102.25,
4206,79.53,
279,102.66,
4092,76.36,
319,100.58,
3821,71.69,
321,101.98,
4107,80.59,
337,102.56,
4104,82.39,
333,103.1,
3809,84.13,
359,101.95,
3077,87.22,
354,102.45,
2839,82.44,
426,100.39,
3948,86.69,
3042,92.97,
2372,94.47,
1602,91.73,
1200,89.56,
962,89.01,
865,90.34,
1413,95.23,
2890,96.3,
4613,90.01,
4405,65.24,
551,94.66,
4027,40.06,
477,88.38,
3842,67.51,
420,95.12,
3832,81.86,
441,100.17,
4023,80.9,
403,101.26,
3816,81.76,
362,102.34,
3834,81.47,
353,102.18,
3829,83.21,
394,102.11,
3809,83.88,
390,102.38,
3919,82.2,
418,102.86,
3588,87.73,
400,104.45,
3307,84.38,
338,103.29,
3041,89.63,
305,103.57,
2464,89.36,
263,103.4,
2980,93.6,
2532,96.41,
1925,99.44,
1231,101.89,
830,101.57,
621,101.51,
543,100.94,
802,102.9,
1642,107.18,
2489,104.17,
2380,97.33,
302,105.33,
2737,92.65,
258,103.78,
3336,87.56,
288,103.4,
3499,86.77,
301,101.72,
3609,86.63,
269,102.54,
3387,88.92,
255,102.91,
3174,90.99,
272,104.71,
3821,85.39,
313,103.16,
3826,85.08,
329,102.32,
3759,85.81,
327,102.88,
3578,87.45,
330,104.22,
3433,89.03,
303,103.77,
3420,88.8,
336,103.12,
3279,84.46,
318,102.34,
4126,90.43,
3727,92.25,
2516,97.99,
1381,100.92,
889,100.03,
687,99.87,
720,100.22,
1774,101.39,
4426,92.99,
5940,85.34,
4287,44.27,
692,89.5,
3920,61.6,
365,98.75,
3996,81.44,
284,102.02,
4176,77.81,
286,101.44,
4090,77.43,
311,102.74,
3830,79.8,
280,103.15,
3900,80.16,
275,102.52,
3587,84.57,
268,104.38,
3812,82.57,
277,102.98,
3457,85.99,
265,104.26,
3614,86.59,
287,103.71,
2876,92.55,
301,105.78,
2331,94.52,
264,103.6,
2240,90.92,
271,102.55,
2263,96.16,
2012,97.91,
1499,99.76,
1069,99.12,
784,97.86,
677,96.13,
604,95.56,
1049,97.41,
2485,98.44,
4349,93.68,
4296,83.59,
480,101.89,
4003,83.16,
329,102.99,
4192,79.44,
338,101.56,
4171,79.28,
287,101,
3886,79.94,
281,101.93,
3872,80.9,
304,102.81,
3819,82.43,
277,103.37,
3651,74.29,
286,102.04,
3639,75.76,
266,103.67,
3489,71.11,
277,103.12,
3531,87.69,
272,106.65,
2878,93.03,
254,104.68,
2374,93.42,
264,103.25,
2186,91.08,
249,102.99,
2271,96.65,
2021,97.05,
1454,99.15,
1076,100.51,
838,96.86,
594,95.62,
588,96.53,
998,97.68,
2406,100.03,
4414,91.82,
4215,82.76,
488,101.2,
3987,83.73,
331,103.5,
4091,74.45,
332,100.59,
3299,28.87,
312,93.58,
3417,54.06,
259,98.05,
3545,82.49,
254,103.47,
3783,80.59,
296,102.92,
3553,84.68,
271,103.83,
3201,86.8,
285,104.15,
3623,80.71,
272,103.7,
3602,85.41,
273,105.76,
2781,93.05,
287,105.22,
2206,95.94,
270,104.6,
2280,90.3,
261,102.45,
2343,96.45,
2111,97.51,
1682,98.14,
1106,96.59,
846,93.95,
633,94.17,
623,92.89,
1010,96.39,
2543,99.83,
4579,92.63,
4204,83.68,
506,102.33,
4198,81.43,
335,102.08,
4290,77.57,
322,99.04,
4119,75.92,
299,99.12,
3970,78.53,
286,102.51,
3876,79.84,
290,101.21,
3886,81.07,
265,104.34,
3757,81.89,
281,102.54,
2895,88.23,
245,105.41,
3629,83.78,
274,102.05,
3549,87.72,
274,105.82,
2979,90.74,
263,105.07,
2267,93.82,
267,103.76,
2259,89.77,
251,103.98,
2538,94.71,
2106,96.84,
1711,98.56,
1154,99.08,
823,98.31,
613,95.59,
554,93.88,
1022,96.69,
2104,97.66,
4048,91.58,
3977,82.77,
523,100.41,
3943,83.58,
323,102.54,
3947,79.8,
294,101.25,
4065,79.54,
289,102.03,
3999,81.31,
303,101.78,
4000,81.11,
301,102.96,
3947,82.19,
296,101.96,
4017,80.81,
316,103.48,
3953,82.61,
306,103.57,
4149,81.75,
333,106.95,
4162,82.3,
367,104.24,
3531,86.98,
344,103.47,
2950,90.86,
361,103.27,
2766,86.02,
338,102.39,
3730,90.51,
2868,94.89,
2276,97.15,
1606,99.69,
1096,99.72,
849,99.37,
779,98.66,
1253,99.84,
2978,100,
4454,92.41,
4271,80.52,
484,100.41,
4130,80.62,
406,100.5,
4143,79.92,
402,100.03,
4116,78.14,
396,99.61,
4082,80.81,
378,101.56,
3795,82.24,
341,103.01,
3803,83.88,
327,102.55,
3938,82.72,
411,103.06,
3759,83.35,
420,102.9,
3848,83.25,
363,103.2,
3766,85.21,
374,104.03,
3352,87.85,
368,103.79,
3010,88.83,
300,103.35,
2694,87.17,
230,105.28,
3305,86.23,
2743,88.77,
2113,91.2,
1340,92.73,
847,91.31,
636,91.51,
590,91.6,
828,94,
1681,98,
30,117.16,
329,101.33,
3608,82.48,
219,103.51,
4093,82.94,
221,103.01,
3665,88.45,
236,103.37,
3643,88.49,
284,105.38,
3824,88.14,
271,104.4,
3938,85.59,
321,102.53,
3600,81.76,
363,100.76,
3536,81.07,
345,101.49,
3309,81.99,
328,102.09,
3241,81.1,
353,101.39,
3141,80.34,
346,100.38,
2992,76.37,
321,95.39,
3737,84.14,
3430,88.45,
2324,92.54,
1355,90.49,
807,84.72,
670,77.59,
743,85.08,
1388,90.19,
3383,85.21,
5157,76.47,
3403,41.74,
661,80.21,
3600,48.38,
395,92.97,
3480,71.73,
329,96.8,
3322,56.9,
336,95.46,
3342,62.96,
292,97.26,
3391,64.84,
316,97.62,
3282,53.66,
310,94.24,
3275,49.37,
336,93.98,
3441,71.01,
288,99.4,
3529,76.24,
302,101.46,
3383,80.47,
275,103.52,
2632,85.3,
295,102.46,
2114,86.04,
287,101.32,
2115,82.67,
266,98.33,
2130,92,
1817,91.29,
1337,92.93,
930,86.85,
750,83.72,
532,86.47,
621,84.46,
829,89.55,
1922,92.39,
4119,85.84,
3948,78.84,
501,99.3,
3977,83.23,
337,100.37,
4454,79.78,
289,102.96,
4811,78.22,
213,102.99,
4175,80.53,
279,102.88,
3700,83.52,
258,103.56,
3687,85.04,
261,104.21,
3780,83.42,
281,103.93,
3853,83.89,
265,103.52,
3722,85.34,
272,103.5,
3623,86.12,
284,105.04,
2889,91.32,
288,104.32,
2178,92.74,
246,103.65,
2231,89.41,
250,102.77,
2188,97.01,
1896,97.39,
1474,99.28,
1206,92,
1087,82.01,
796,80.24,
813,80.47,
1325,87.24,
2974,89.95,
5012,86.12,
5334,75.84,
479,100.75,
5130,79.25,
274,102.69,
5127,75.1,
231,100.47,
4975,72.71,
254,98.4,
4528,75.08,
233,99.25,
4086,79.98,
214,102.28,
4681,77.74,
198,101.38,
4635,78.63,
222,104.44,
4446,80.22,
200,103.55,
4495,80.59,
203,112.16,
4505,81.25,
215,108.16,
3592,86.06,
218,106.15,
2887,87.62,
213,105.97,
2565,85.78,
214,105.96,
2586,90.07,
2276,90.81,
1908,90.92,
1263,90.61,
1023,89.42,
742,89.02,
693,87.99,
1172,91.45,
2891,92.49,
5215,85.77,
5349,78.65,
503,102.36,
5054,76.84,
277,102.05,
4322,57.42,
277,95.08,
4481,76.88,
255,100.47,
4023,80.38,
225,103.54,
3968,81.35,
227,104.16,
4022,80.33,
204,104.24,
3809,81.7,
221,103.01,
3834,81.92,
214,104.96,
3810,83.6,
206,107.31,
4220,82.88,
233,107.3,
3736,85.16,
211,106.74,
2838,88.88,
230,106.79,
2731,84.35,
210,102.23,
2779,88.55,
2409,89.5,
1919,91.55,
1329,90.26,
969,90,
742,88.28,
707,90.81,
1185,90.48,
2754,92.64,
4981,87.09,
5089,80.59,
471,102.68,
4983,78.78,
275,101.51,
5102,75.15,
242,99.21,
5036,74.71,
237,99.31,
4925,72.55,
278,100.8,
4934,68.45,
246,100.52,
4716,76.24,
231,102.62,
4841,77.38,
253,102.56,
4686,77.71,
231,102.63,
5218,77.29,
275,103.04,
4974,79.27,
296,104.31,
4584,81.51,
295,104.49,
3745,84.64,
339,103.94,
3522,81.19,
327,100.53,
4203,83.82,
3223,87.57,
2412,89.84,
1798,90.23,
1355,89.84,
922,89.65,
902,89.82,
1380,91.19,
3023,90.88,
4968,84.81,
5243,62.89,
509,96.36,
4803,63.37,
372,97.94,
4883,77.58,
343,99.18,
4908,76.56,
329,99.46,
4892,75.46,
298,98.82,
4406,79.32,
276,102.38,
4427,78.46,
267,104.72,
4810,76.75,
331,102.02,
4515,79.15,
318,103.19,
4310,80.87,
309,104.36,
4682,79.65,
282,104.55,
3885,83.06,
278,102.78,
3081,82.06,
203,103.89,
146,91.55,
70,84.64,
2074,79.61,
218,102.27,
2311,82.21,
200,101.09,
3179,83.34,
212,102.93,
3731,82.94,
227,103.55,
4077,83.87,
194,103.79,
3868,84.95,
192,103.93,
4210,83.44,
219,103.99,
4170,83,
251,103.94,
4741,78.99,
262,103.68,
4402,80.8,
275,102.33,
4244,82.34,
234,104.21,
3899,83.21,
246,104.58,
3891,83.13,
281,104.08,
3608,81.03,
241,102.16,
4222,83.89,
3443,87.2,
2250,90.91,
1353,91.6,
898,91.19,
739,85.15,
916,82.14,
1705,86.64,
3976,81.69,
6421,80.46,
5546,76.38,
598,99.23,
4295,79.09,
275,99.73,
4372,78.96,
297,101.46,
4510,76.63,
219,101.78,
4769,75.42,
228,99.7,
4519,79.24,
193,104.1,
4528,80.16,
196,103.19,
4393,79.62,
217,103.8,
4559,79.01,
213,103,
4560,80.08,
199,102.89,
4236,82.5,
220,106.26,
3436,87.09,
203,106.85,
2773,87.96,
243,105.67,
2259,87.66,
169,107.02,
2473,89.46,
1979,91.62,
1592,91.22,
1143,89.32,
906,91.12,
781,88.49,
712,90.14,
1224,91.86,
2859,92.74,
5283,86.51,
5358,78.71,
474,102.56,
5028,79.77,
249,104.13,
4604,78.23,
221,100.37,
4471,79.3,
249,102.36,
4244,79.69,
230,102.43,
4101,80.44,
214,102.48,
4128,80.6,
190,103.41,
2067,82.29,
95,102.91,
1197,83.9,
69,105.42,
4464,81.62,
208,105.42,
3631,86.21,
233,105.02,
2814,88.4,
208,104.91,
2654,85.44,
202,106.31,
2546,90.29,
2227,90.88,
1724,91.78,
1199,92.07,
986,89.43,
771,89.03,
757,90.95,
1180,90.28,
2400,85.88,
3741,76.98,
3806,72.47,
489,96.76,
3973,58.32,
336,91.97,
4374,66.39,
266,90.4,
4417,50.28,
251,91.79,
4458,73.27,
240,101.12,
4277,77.49,
216,102.89,
4296,74.45,
217,100.71,
3989,63.6,
249,95.7,
4024,77.39,
200,101.66,
4085,80.51,
217,106.03,
4211,83.48,
218,107.52,
3515,86.83,
222,104.39,
2749,87.23,
225,106.49,
2382,85.6,
205,102.47,
2353,90.47,
2077,91.59,
1661,92.58,
1168,92.23,
880,89.67,
708,90.78,
654,90.15,
966,91.33,
2142,92.68,
4214,85.96,
4952,77.55,
496,100.37,
4660,77.1,
285,100.9,
4894,72.3,
262,99.93,
4693,74.51,
223,98.06,
4516,71.05,
233,100.42,
4301,72.77,
205,101.21,
4098,74,
194,101.74,
3773,70.64,
233,96.44,
3328,56.61,
217,93.03,
3374,40.18,
229,88.56,
3315,69.83,
218,97.41,
2925,71.82,
231,98.64,
2310,68.69,
233,93.18,
2229,69.78,
214,93.9,
2492,84.15,
1896,86.47,
1601,85.75,
1255,85.7,
974,81.6,
714,82.05,
625,90.08,
917,91.65,
2067,93.02,
4300,89.25,
4677,82.79,
471,103.66,
4615,80.94,
252,102.48,
4744,79.04,
219,101.71,
4872,75.61,
224,102.78,
4544,79.56,
210,102.8,
4378,79.3,
212,103.18,
4706,78.55,
237,103.66,
4902,77.24,
260,102.08,
4797,76.64,
269,103.19,
5050,56.16,
276,96.71,
4862,66.56,
328,98.72,
4305,82.7,
294,104.49,
3564,83.38,
342,103.2,
3279,81.45,
353,100.15,
3901,85.25,
2995,86.97,
2176,91.04,
1678,91.21,
1206,90.55,
954,91.62,
896,92.9,
1367,92.33,
2828,90.48,
4709,85.68,
4833,79.21,
411,101.94,
4293,81.61,
310,103.06,
5137,76.04,
275,100.32,
4962,74.61,
320,98.74,
4824,75.86,
294,100.29,
4593,78.02,
298,102.79,
3961,82.5,
267,104.87,
4800,77.3,
292,101.85,
4567,79.84,
309,102.47,
4658,79.87,
302,102.71,
4377,81.72,
265,106.02,
4065,82.26,
259,104.62,
3535,83.45,
232,103.51,
2905,83.56,
204,103.27,
3085,87.14,
2635,89.05,
1967,91.58,
1323,93.28,
838,92.58,
634,94.49,
537,92.36,
792,93.96,
1722,95.6,
2777,95.48,
2904,87.95,
263,105.71,
2933,73.98,
211,101.6,
3419,80.72,
199,103.4,
4212,81.74,
208,101.82,
4681,79.92,
189,102.63,
4056,81.73,
212,103.75,
4193,81.14,
225,101.73,
4454,81.39,
271,103.43,
4471,81.29,
262,102.07,
4147,81.51,
258,102.7,
4141,81.77,
263,104.09,
4096,80.66,
266,103.18,
3856,82.48,
300,102.72,
3656,80.76,
274,101.21,
4135,84.94,
3893,83.45,
2663,88.35,
1398,93.34,
968,92.57,
812,84.9,
1003,84.79,
1751,87.17,
4211,84.72,
6150,80.21,
5147,43.77,
674,83.82,
4891,61.93,
323,100.03,
4643,78.42,
246,101.59,
5033,72.59,
267,98.43,
4582,74.8,
207,102.99,
4444,76.33,
226,100.46,
4276,76.52,
218,101.97,
4487,78.64,
208,104.3,
4351,80.47,
221,104.35,
4515,81.09,
220,104.74,
4303,80.89,
187,105.48,
3627,86.02,
229,106.78,
2695,87.49,
213,105.18,
2367,86.95,
191,106.1,
2633,87.26,
2156,89.31,
1523,91.14,
1133,90.76,
879,89.13,
708,88.04,
681,89.39,
978,91.46,
2363,92.08,
2260,87.88,
2590,78.97,
225,101.58,
4466,78.97,
238,101.8,
4771,75.21,
231,100.39,
4720,59.95,
221,98.56,
4699,74,
227,100.59,
4333,77.25,
211,101.51,
4301,78.36,
196,103.25,
4274,78.35,
222,102.61,
4153,78.65,
219,103.52,
4078,81.73,
205,104.34,
4401,78.35,
219,103.09,
3458,85.31,
226,106.39,
2802,87.15,
233,105.77,
2704,83.79,
207,104.8,
2507,89.43,
2357,88.44,
1903,86.12,
205,84.84,
559,73.66,
744,76.06,
1084,77.07,
2083,73.62,
3861,77.14,
4030,45.87,
486,89.42,
4950,53.58,
325,96.31,
4699,75.35,
230,101.01,
3744,73.41,
184,99.49,
198,55.94,
20,99.94,
1088,79.99,
71,102.3,
3571,79.31,
212,103.71,
3636,79.3,
219,102.48,
4447,80.58,
227,105.52,
4153,80.92,
214,103.29,
3326,80.8,
221,103.06,
2592,84.74,
231,103.62,
2382,80.62,
219,98.3,
2677,75.72,
2178,86.06,
1679,87.23,
1312,88.05,
940,86.13,
739,84.94,
518,83.6,
63,105.22,
2112,72.92,
103,100.88,
5008,72.07,
247,101.88,
4807,76.48,
218,101.72,
4743,78.16,
216,102.59,
4789,78.06,
246,103.85,
4455,79.39,
196,102.6,
4458,80.55,
200,104.94,
4418,82.17,
238,105.54,
3609,85.47,
211,107.05,
2992,86.9,
249,105.15,
2670,84.86,
187,105.78,
2741,88.45,
2359,89.76,
1857,92.42,
1381,91.85,
1031,91.27,
771,91,
744,90.58,
1201,92.74,
2762,90.57,
4808,85.11,
5047,79.29,
479,102.53,
5036,78.74,
300,101.28,
4904,75.9,
252,100.6,
4660,76.35,
283,99.99,
5134,61.72,
289,97.48,
4975,56.18,
286,94.56,
4945,58.66,
308,96.95,
5095,45.95,
317,94.09,
5116,54.4,
315,97.16,
5236,49.64,
374,95.19,
5173,46.93,
363,92.32,
4896,75.81,
364,101.9,
3899,81.64,
347,101.41,
3544,80.21,
414,101.59,
4419,80.51,
3606,84.5,
3134,85.97,
