교통량,평균속도,0010CZS430
1101,100.03,
853,98.73,
703,96.91,
647,97.97,
1051,99.2,
2637,101.73,
5065,92.33,
5420,86.26,
427,104.4,
4470,92.38,
277,105.42,
4658,89.38,
261,104.37,
4896,89.53,
212,104.82,
4657,93.01,
201,106.06,
4756,91.77,
230,105.04,
4603,92.24,
192,107.13,
4355,92.49,
224,104.38,
4520,91.48,
226,105.21,
4476,92.81,
234,105.4,
4317,89.64,
194,107.52,
4137,86.18,
203,107.5,
3793,85.97,
248,103.41,
2872,94.68,
172,105.35,
2957,98.83,
2152,101.62,
1438,102.3,
989,101.13,
829,100.12,
669,99,
630,100.85,
995,101.75,
2548,102.55,
4986,95.57,
5474,83.82,
439,104.77,
5245,89.87,
269,104.93,
4250,94.92,
247,104.91,
4019,96,
233,105.79,
4137,95.91,
230,107.4,
4107,95.57,
204,106.6,
4044,95.03,
214,108.16,
4010,93.54,
224,107.84,
4131,92.76,
204,105.96,
4526,91.57,
218,106.56,
4471,88.39,
222,106.19,
4364,80.28,
231,104.54,
3725,87.24,
263,103.24,
3036,93.61,
175,104.16,
2982,98.43,
2208,102.19,
1502,103.14,
1059,102.45,
825,99.27,
585,99.22,
598,98.42,
1034,99.74,
2649,101.62,
5157,93.9,
5425,82.11,
446,101.84,
5311,89.97,
278,105.83,
4880,91.24,
275,103.66,
4941,90.26,
285,104.82,
4841,88.53,
201,106.54,
4697,92.64,
207,105.33,
4801,91.66,
216,106.45,
4400,92.41,
226,105.37,
4643,89.11,
213,106.35,
4663,89.31,
218,105.02,
4360,88.25,
218,107.24,
4383,80.07,
227,105.24,
3912,83.63,
247,102.86,
3406,91.93,
189,103.92,
3223,99.61,
2396,101.41,
1518,100.82,
1223,99.54,
854,99.45,
638,99.86,
668,99.18,
995,99.69,
2731,100.43,
5052,93.71,
5399,85.53,
475,100.59,
5194,91.2,
310,104.43,
4166,94.51,
281,104.81,
4105,95.2,
237,105.71,
4863,89.05,
229,105.82,
4587,92.18,
221,105.87,
4829,89.18,
227,104.92,
4714,89.45,
228,105.57,
4874,86.96,
254,105.85,
4698,88.96,
276,107.04,
4782,85.67,
359,105.01,
4709,78.95,
353,103.29,
4586,76.12,
348,103.94,
4416,85.34,
305,103.61,
4572,94.83,
3495,100.16,
2172,103.94,
1560,104.14,
1101,101.73,
818,104.25,
746,103.07,
1171,103.11,
2671,104.02,
4453,96.25,
4393,93.88,
389,102.81,
4784,93.49,
298,105.75,
5048,92.31,
316,105.79,
4860,93.03,
306,104.95,
4840,92.77,
305,106.93,
4868,94.05,
286,106.81,
5096,93.02,
272,103.94,
4984,94.74,
281,106.19,
4180,99.59,
254,108.73,
4862,93.59,
336,106.09,
4809,87.75,
292,104.95,
4504,85.27,
270,104.57,
3894,91.12,
233,107.98,
3370,95.11,
184,106.57,
3365,102.5,
2596,105.01,
1616,109.23,
1087,109.69,
682,110.5,
444,104.67,
383,103.88,
533,105.34,
1299,108.11,
2227,107.41,
2571,106.07,
264,104.87,
2973,106.97,
174,108.28,
3574,104.05,
191,106.28,
4044,100.42,
220,107.17,
4366,100.91,
187,105.41,
4552,101.13,
227,108.17,
4837,98.49,
235,107.7,
4706,96.99,
269,104.44,
5153,92.71,
261,105.92,
4940,94.38,
261,106,
4563,92.58,
217,106.17,
4411,89.82,
286,104.64,
4219,91.64,
282,104.79,
4340,91.87,
241,104.25,
4855,98.09,
3842,103.69,
2209,108.79,
1331,109.33,
828,105.28,
633,104.74,
791,105.76,
1863,110.35,
4797,99.55,
6763,87.78,
5298,85.04,
532,103.99,
3999,94.12,
244,103.23,
4172,91.86,
214,103.35,
4279,91.35,
262,105.34,
4206,90.55,
239,105.65,
4355,89.95,
227,106.18,
4378,89.5,
200,107.4,
4225,89.15,
215,105.61,
4301,88.57,
225,105.43,
4163,91.28,
205,106.31,
4397,88.88,
226,109.15,
4038,85.68,
219,105.3,
3742,86.35,
236,104.12,
3039,92.65,
186,104.53,
2991,99.14,
2062,102.56,
1390,101.88,
1052,99.38,
739,98.24,
699,97.03,
653,97.07,
967,99.29,
2645,100.88,
5152,93.12,
5445,83.79,
449,102.76,
5280,90.14,
265,104.76,
4974,90.72,
255,103.83,
5084,89.51,
244,105.89,
4969,89.53,
225,105.57,
4500,92.11,
204,104.73,
4662,90.8,
215,106.98,
4399,92.11,
201,105.53,
4616,89.79,
211,105.47,
4463,89.4,
216,105.88,
4210,89.94,
203,106.53,
4103,83.6,
221,106.3,
3103,89.77,
217,104.97,
3254,90.45,
183,102.99,
2992,98.02,
1990,100.99,
1383,101.53,
1048,101.8,
785,97.74,
612,96.79,
591,97.08,
899,98.29,
2546,101.11,
5194,94.53,
5306,81.34,
394,104.36,
5311,89.79,
278,103.03,
5025,89.95,
253,103.4,
4946,90.2,
243,105.77,
4911,89.88,
243,104.59,
4688,92.07,
213,105.97,
4866,90.87,
195,107.12,
4581,93.27,
195,105.37,
4775,91.82,
195,107.62,
4514,93.5,
240,106.65,
4268,90.48,
220,107.36,
4225,81.2,
243,105.62,
3786,85.31,
237,104.75,
2839,91.91,
175,101,
3030,98.63,
2035,101.36,
1424,103.15,
1037,102.23,
834,98.35,
619,100.1,
569,99.71,
976,99.64,
2598,101.9,
5037,94.28,
5527,77.47,
467,103.24,
5223,91.21,
283,105.23,
4594,91.62,
241,105.13,
4932,78.03,
274,100.83,
4594,92.15,
246,106.82,
4668,92.36,
202,107.46,
4875,89.72,
225,106.86,
4651,93.53,
211,106.77,
4586,91.81,
225,106.85,
4418,92.89,
226,106.37,
4384,87.67,
220,107.53,
4120,85.57,
224,104.5,
3779,88.75,
282,107.08,
3097,94.15,
179,104.38,
3034,100.01,
2170,103.06,
1463,103.87,
1183,101.63,
779,100.48,
637,99.85,
636,99.57,
958,100.42,
2583,102.81,
5058,93.99,
5331,81.84,
444,103.58,
5174,92.1,
296,103.97,
4723,92.25,
231,105.54,
4737,92.84,
255,105.49,
4808,92.95,
214,105.46,
4855,91.77,
187,107.86,
4847,91.07,
236,106.63,
4877,91.69,
230,107.77,
4888,89.23,
262,106.03,
4802,91.41,
273,106.1,
4883,85.39,
298,106.2,
4801,81.38,
309,103.53,
4461,83,
327,106.62,
4293,87.4,
297,103.48,
4187,98.24,
3115,102.59,
1997,103.99,
1379,104.41,
1043,103.43,
760,102.08,
757,102.3,
1080,104.38,
2415,104.41,
3984,98.86,
4463,92.5,
360,104.95,
4730,95.46,
258,104.63,
4920,93.49,
287,105.58,
5175,91.45,
315,107.29,
4987,92.99,
293,106.5,
4982,94.34,
259,104.84,
4963,94.54,
270,106.64,
4972,91.76,
299,106.98,
5023,91.89,
299,107,
4962,92.48,
308,106.84,
4649,89.08,
270,106.19,
4298,88.17,
267,105.86,
3602,93.64,
257,104.82,
2839,98.16,
178,104.64,
3199,102,
2505,103.98,
1595,108.17,
1010,108.27,
641,109.51,
476,106.84,
359,106.28,
459,109.42,
950,108.87,
1773,107.01,
2038,96.21,
213,103.03,
2499,92.35,
180,101.55,
2956,94.75,
194,103.53,
3809,94.36,
241,103.31,
3863,91.21,
234,103.38,
3999,93.54,
232,102.79,
4429,91.87,
263,104.93,
4605,90.2,
278,104.04,
4959,89.14,
268,104.51,
4663,92.31,
262,104.59,
4350,89.84,
223,105.9,
3725,91.04,
235,103.76,
3751,93.12,
248,105.09,
3671,93.19,
219,105.15,
4334,98.66,
3165,104.7,
1795,106.96,
1163,104.85,
743,102.61,
628,101.51,
662,101.38,
1494,104.19,
4167,98.55,
6416,87.29,
4826,85.09,
494,102.85,
5018,88.56,
260,106.79,
4651,91.43,
215,105.5,
4715,91.9,
227,104.34,
4956,90.57,
210,105.84,
4415,93.96,
184,106.4,
4666,91.37,
223,106.6,
4504,91.11,
212,106.31,
4523,89.69,
201,105.09,
4470,88.77,
201,106.15,
4242,89.75,
190,107.17,
4001,82.43,
215,105.65,
3674,86.51,
230,104.76,
2845,90.84,
178,104.11,
2747,98.49,
1932,100.89,
1184,101.12,
1018,99.82,
714,97.1,
643,94.63,
599,97.65,
907,98.4,
2382,99.7,
4985,93.07,
4692,54.19,
456,89.2,
4337,33.95,
309,68.22,
3993,28.98,
258,92.52,
4096,73.88,
227,103.38,
4416,92.9,
196,106.52,
4233,94.23,
194,104.67,
4193,93.32,
218,106.57,
4401,92.4,
205,106.51,
4572,89.51,
191,105.87,
4339,91.09,
214,106.34,
4240,90.61,
196,107.81,
4138,83.69,
217,104.77,
3671,85.72,
213,104.4,
2737,92.71,
173,104.56,
2670,97.97,
1819,101.76,
1286,102.13,
951,100.06,
746,98.11,
625,95.48,
596,97.02,
894,97.7,
2252,99.06,
4880,93.67,
5213,82.44,
444,104,
5101,89.52,
272,105.92,
4945,90.28,
243,105.66,
4912,90.28,
245,105.54,
4443,93.43,
205,108.26,
4513,93.7,
213,107.17,
4793,90.53,
220,105.71,
4337,90.31,
184,106,
4438,89.39,
197,105.98,
4413,89.4,
224,106.64,
4206,90.36,
190,106.22,
4288,81.54,
216,106.31,
3640,86.25,
223,106.14,
2801,93.51,
177,106.26,
2643,99.39,
2036,101.2,
1338,101.05,
916,100.34,
760,97.94,
541,95.36,
606,96.54,
890,98.34,
2382,101.08,
4941,92.76,
5189,82.51,
416,103.61,
5224,89.2,
248,104.57,
4968,90.23,
242,104.31,
5172,86.93,
265,104.75,
5061,87.56,
232,103.67,
4808,91.53,
199,105.86,
4713,91.53,
225,105.4,
4658,89.7,
218,107.34,
4514,91.2,
190,106.17,
4582,90.1,
230,106.22,
4325,89.82,
203,108.52,
4173,84.24,
214,105.1,
3682,85.83,
249,104.77,
3076,92.13,
187,103.76,
3025,96.76,
2043,100.45,
1418,103.34,
1001,99.12,
798,95.19,
682,90.75,
619,90.38,
902,92.4,
2202,90.97,
4679,84.49,
4911,74.73,
440,98.75,
4680,86.41,
303,102.88,
4638,88.77,
269,104.96,
4677,86.97,
277,105.23,
4725,87.76,
236,106.51,
4827,89.01,
244,103.97,
4673,89.96,
251,104.02,
4786,87.59,
284,105.13,
4810,86.1,
233,105.2,
4853,86.86,
265,104.06,
4715,85.48,
256,105.1,
4787,79.06,
302,103.52,
4173,82.81,
298,104.32,
3983,87.1,
253,102.77,
3975,95.9,
2643,100.22,
1763,101.43,
1191,101.74,
902,98.67,
701,98.87,
675,98.38,
850,101.09,
1779,102.45,
3174,98.05,
3830,91.59,
291,104.7,
4170,93.74,
225,103.8,
4541,94.88,
260,106.51,
4517,95.19,
269,105.5,
4666,94.68,
219,106.78,
4472,97.35,
229,107.26,
4741,92.84,
236,106.64,
4930,87.42,
252,104.62,
4915,90.33,
245,106.39,
4840,90.24,
283,108.39,
4619,88.42,
274,107.31,
4121,86.55,
271,103.43,
3048,95.87,
201,107.47,
2623,97.51,
159,103.51,
2812,101.9,
1994,104.83,
1318,105.92,
836,106.76,
615,105.34,
400,105.67,
371,103.24,
436,101.56,
923,105.36,
1694,104.5,
2211,101.77,
204,106.86,
2681,103.86,
161,105.03,
3280,103.64,
202,104.14,
3983,100.52,
209,106.58,
4253,100.66,
204,107.59,
4281,100.56,
192,107.3,
4825,97.29,
234,107.11,
4761,95.36,
227,107.32,
4962,92.92,
239,104.69,
4749,92.69,
250,106.89,
4475,91.72,
207,105.86,
3847,91.72,
244,104.42,
3952,92.47,
255,105.14,
3837,93.04,
201,107.26,
4338,98.29,
3254,104.48,
1937,106.57,
1220,104.46,
736,102.53,
666,101.11,
765,101.84,
1613,106.75,
4394,99.79,
6608,85.34,
5223,80.84,
554,97.87,
4936,90.56,
284,105.76,
4816,91.76,
225,104.36,
4967,88.93,
240,105.77,
4915,87.86,
212,105.92,
4947,88.8,
250,105.84,
4807,89.92,
217,105.88,
4581,90.55,
193,106.42,
4708,91.9,
221,104.84,
4571,91.68,
220,105.9,
4271,88.96,
219,106.34,
4315,78.78,
232,104.88,
3683,85.47,
240,103.62,
3037,91.85,
172,106.11,
2918,97.97,
1952,100.66,
1341,98.62,
996,99.67,
787,98.48,
618,94.71,
645,96.78,
1007,98.36,
2407,95.74,
5064,81.65,
5158,70.07,
451,98.45,
4848,88.39,
274,106.4,
4706,88.28,
276,103.22,
4783,86.39,
255,104.78,
4739,88.6,
204,105.06,
4912,87.22,
219,105.15,
4775,89.41,
222,106.37,
4669,90.34,
211,107.3,
4622,89.73,
183,104.11,
4607,89.37,
222,106.57,
4319,89.27,
204,107,
4159,82,
217,104.97,
3674,85.35,
233,104.11,
3225,90.4,
167,103.05,
2777,98.8,
2077,99.51,
1356,99.17,
1011,98.08,
755,95.46,
689,95.75,
625,95.64,
898,96.99,
2333,98.82,
4885,93.26,
5179,76.84,
406,102.61,
5056,88.8,
239,105.35,
5071,88.94,
237,104.87,
5014,84.59,
265,103.43,
4742,89.09,
188,104.75,
4620,89.72,
197,105.82,
4732,89.74,
232,104.92,
4410,91.9,
226,104.38,
4595,90.59,
199,105.19,
4590,89.95,
244,107.75,
4394,86.69,
206,107.02,
4261,80.91,
238,104.32,
3757,82.29,
236,104.73,
3398,89.23,
195,104.25,
3094,96.03,
1962,101.56,
1544,100.69,
1057,98.63,
836,97.53,
619,91.73,
591,95.38,
923,96.12,
2171,99.12,
4442,93.48,
4848,78.43,
419,100.98,
4852,89.49,
217,105.64,
4804,89.18,
226,104.21,
4991,88.39,
264,105.28,
4915,87.94,
222,104.56,
4820,88.79,
239,103.86,
4903,88.67,
245,105.86,
4866,85.98,
247,104.86,
4982,85.62,
259,103.72,
4918,86.72,
238,106.98,
4699,84.53,
231,106.85,
4683,79.62,
322,101.77,
4092,84.27,
312,103.86,
4080,85.21,
299,104.54,
4359,95.04,
3016,101.76,
1935,104.02,
1336,103.14,
947,100.59,
699,101.3,
629,99.47,
880,101.62,
1794,103.64,
2777,101.66,
3178,97.42,
233,109.29,
3383,99.44,
170,105.06,
4020,97.32,
188,105.76,
4630,95.37,
252,106.77,
4210,98.32,
225,106.6,
4412,98.47,
229,106.44,
4812,95.23,
228,106.22,
4472,94.45,
218,104.63,
4527,93.56,
212,107.26,
4559,94.03,
217,105.79,
3753,96.84,
210,107.47,
3079,94.3,
190,105.67,
2480,97.64,
172,105.69,
2455,98.22,
144,103.88,
2545,102.99,
1815,104.97,
1257,106.33,
960,104.61,
698,102.56,
516,101.13,
486,99.68,
745,101.47,
1673,105.27,
2830,102.35,
3025,97.04,
216,104.81,
3178,100.88,
175,107.87,
3763,98.78,
205,104.84,
4224,97.8,
210,107.05,
4819,95.17,
212,106.89,
4515,98.92,
185,106.26,
4551,98.4,
199,106.38,
4939,95.14,
208,106.18,
4957,92.76,
237,105.84,
4804,92.36,
220,105.6,
4373,92.26,
233,106.2,
3534,93.34,
213,103.56,
2789,98.32,
179,105.73,
2410,101.26,
144,107.88,
2592,105.44,
1779,106.86,
1161,111.1,
777,109.11,
517,109.76,
340,110.58,
349,102.7,
403,106.18,
806,108.67,
1647,106.62,
2021,103.91,
168,105.69,
2349,108.75,
144,105.93,
3087,106.44,
160,106.54,
3696,102.52,
179,104.97,
3993,101.4,
161,105.95,
4138,101.4,
181,104.44,
4667,98.96,
207,107.89,
4758,97,
229,108.93,
5019,96.75,
230,106.69,
4928,96.01,
212,108.24,
4273,94.09,
183,104.99,
3740,92.42,
228,104.63,
3709,93.55,
244,104.19,
3878,93.48,
205,105.12,
4076,101.93,
3058,105.26,
1895,107.8,
1142,105.87,
800,103.49,
600,102.2,
710,102.92,
1573,105.92,
4162,100.38,
6476,86.94,
5169,79.39,
527,103.22,
4602,62.38,
275,95.77,
4480,91.6,
214,103.26,
5112,87.38,
210,105.05,
4880,90.21,
236,105.18,
4764,91.17,
202,105.89,
4018,94.84,
195,104.35,
4516,91.7,
156,104.91,
4608,90.84,
197,107.24,
4596,90.55,
230,105.37,
4442,88.7,
192,107.95,
4157,84.88,
215,105.06,
3706,85.48,
235,104.26,
3063,93.23,
161,104.91,
2806,100,
2071,101.16,
1395,101.38,
1040,99.67,
783,99.8,
636,97.28,
698,97.11,
955,99.18,
2444,100.13,
4890,94.41,
5072,79.49,
398,102.18,
4848,87.1,
261,104.9,
4821,89.02,
240,104.87,
5038,88.01,
231,105.64,
5005,86.46,
215,105.23,
4943,86.05,
225,104.96,
4762,89.31,
192,105.13,
4298,89.21,
203,105.87,
4432,89,
195,105.66,
4281,88.31,
195,104.26,
4138,83.48,
206,104.43,
4171,80.12,
240,99.58,
3624,83.09,
248,103,
2974,90.95,
175,103.93,
2814,97.04,
1978,98.41,
1334,98.83,
995,96.23,
756,94.85,
598,95.01,
575,94.89,
859,94.06,
2035,97.94,
4287,92.31,
4941,79,
394,102.56,
4800,88.84,
210,104.2,
4667,89.88,
208,104.13,
4915,88.36,
214,105.11,
4655,79.46,
223,105.29,
4731,81.02,
191,103.06,
4527,86.1,
184,108.2,
4582,84.74,
212,106.43,
4519,88.33,
209,108.03,
4638,82.41,
223,103.55,
4444,86.14,
239,105.69,
4357,81.11,
227,103.61,
3642,84.76,
230,104.13,
3104,90.28,
187,104.99,
2907,96.38,
2124,100.35,
1402,101.12,
1077,97.9,
786,97.01,
609,95.31,
591,95.51,
756,96.52,
1699,99.51,
3575,95.82,
4459,84.22,
353,101.02,
4102,93.54,
192,104.12,
3884,95.71,
186,104.81,
4571,91.53,
208,105.9,
5014,89.03,
228,106.63,
4953,91.73,
181,106.1,
4973,89.86,
236,106.37,
4903,87.82,
261,104.93,
4895,87.52,
273,103.34,
4923,87.74,
289,106.75,
4734,84.06,
241,104.97,
4702,77.69,
330,102.26,
4181,83.48,
360,102.58,
3979,87.45,
277,104.44,
3702,96.63,
2642,100.63,
1669,104.04,
1595,110.4,
1094,111.02,
773,109.77,
683,109.36,
809,109.42,
1771,110.49,
2655,105.37,
3078,100.28,
325,104.71,
3364,96.23,
266,104.5,
3969,94.07,
262,105.44,
4428,91.43,
256,104.88,
4725,93.2,
229,105.74,
4734,91.55,
249,104.47,
4525,95.18,
232,104.85,
4685,87.28,
315,103.11,
4434,79.26,
365,100.21,
4919,78.6,
425,98.93,
4629,84.93,
309,102.45,
4645,81.67,
361,100.55,
4665,84.69,
362,101.4,
4385,87.92,
268,102.97,
5136,95.64,
4265,102.36,
2681,107.5,
1577,107.34,
1017,105.84,
760,107.54,
912,108.5,
2051,108.58,
5022,99.3,
6391,89.73,
5534,88.13,
588,104.96,
5073,90,
415,104.38,
5141,88.26,
308,103.1,
5145,86.64,
333,104.15,
4559,87.14,
233,102.44,
4193,46.3,
266,87,
4651,90.1,
204,104.34,
4693,90.78,
246,106.96,
4660,89.37,
234,106.35,
4709,90.25,
231,105.3,
4587,88.72,
218,106.67,
4161,82.46,
213,103.92,
3906,77.44,
244,104.84,
3502,89.53,
199,104.76,
2951,98.31,
2396,100.64,
1769,100.95,
1346,97.52,
944,94.54,
753,96.18,
823,97.36,
1187,98.6,
3020,100.03,
5460,94.25,
5581,87.04,
434,103.43,
5098,90.96,
350,104.92,
4998,89.21,
277,103.49,
4429,85.37,
262,104.54,
4268,35.52,
283,90.95,
4429,83.4,
214,102.18,
4622,89.35,
234,104.9,
4427,89.3,
242,106.5,
4437,91.11,
228,106.07,
4490,90.84,
241,107.47,
4430,88.26,
220,107.99,
4399,80.08,
230,104.98,
3835,82.64,
249,104.11,
3508,88.67,
201,104,
3167,98.14,
2407,100.1,
1730,104.01,
1332,102.53,
974,100.38,
747,98.44,
755,97.96,
1140,101.51,
2888,101.49,
5431,93.8,
5522,87.93,
471,104.21,
5296,90.5,
306,104.77,
5165,89.39,
288,103.42,
4832,89.74,
269,102.87,
4928,89.26,
256,107.37,
4705,90.28,
200,103.78,
4720,91.19,
213,106.43,
4589,90.05,
228,104.29,
4471,91.1,
216,106.53,
4509,88.85,
224,104.79,
4609,87.71,
245,106.54,
4372,74.49,
256,104.38,
3905,77.82,
259,105.2,
3625,88.1,
204,104.14,
3118,96.91,
2527,92.46,
1960,94.32,
1407,97.48,
969,100.47,
814,99.87,
789,98.82,
1149,101.76,
2835,101.05,
5295,93.86,
5614,85.96,
504,103.62,
5201,90.87,
347,104.36,
5070,88.7,
289,103.37,
4922,88.16,
313,105.25,
4969,89.62,
291,105.7,
4888,87.23,
235,105.65,
4968,88.03,
244,105.36,
4409,92.26,
235,106.66,
4786,90.24,
219,105.71,
4689,92.49,
256,108.03,
4521,89.41,
210,107.16,
4369,79.02,
262,104.22,
3996,80.44,
286,104.07,
3585,89.83,
187,104.7,
3419,96.96,
2562,100.85,
1951,104.38,
1543,103.57,
1096,103.12,
808,101.81,
772,99.79,
1232,100.78,
2939,102.2,
5419,92.79,
5480,84.19,
485,102.79,
4945,93.01,
380,103.94,
5046,88.82,
303,104.01,
4916,89.25,
318,104.01,
4834,88.65,
263,106.87,
4878,90.37,
267,105.68,
4902,89.1,
279,105.67,
4901,89.72,
295,104.27,
5012,88.55,
305,104.33,
4999,91.07,
330,106.02,
4794,88.23,
303,106.87,
4876,78.85,
341,104.7,
4592,79.42,
368,103.32,
4322,84.84,
375,104.06,
4714,94.54,
3505,100.82,
2843,102.66,
1980,106.04,
1446,105.35,
1087,104.71,
1096,104.89,
1608,105.69,
3561,102.66,
5405,92.11,
5145,71.07,
771,94.3,
4886,82.81,
569,100.82,
4833,94.7,
476,104.44,
4525,93.99,
389,106.79,
4791,94.42,
373,107.62,
4936,92.43,
371,105.05,
4882,90.25,
368,105.38,
5229,81.47,
378,101.65,
4758,86.46,
405,101.99,
5279,81.98,
402,103.13,
5002,87.2,
382,106.08,
4810,82.55,
374,103.07,
4348,85.88,
300,105.06,
3884,91.26,
263,105.51,
3951,98.53,
3066,104.36,
2116,106.88,
1503,110.21,
986,112.48,
662,113.32,
693,110.78,
832,112.05,
1980,111.02,
3144,107.59,
3606,103.15,
397,106.82,
3870,102.54,
302,104.98,
4371,98.11,
273,105.66,
4703,96.68,
265,107.01,
4987,91.21,
263,104.39,
4763,96.9,
235,106.18,
5037,87.02,
277,104.58,
5055,84.07,
325,104.99,
4961,83.64,
377,102.19,
5199,83.88,
347,103.77,
5062,85.54,
350,104.04,
4727,83.41,
330,103.02,
4683,84.75,
354,102.91,
4810,85.07,
325,103.76,
5441,93.95,
4584,98.68,
2831,107.08,
1692,109.24,
1044,106.81,
764,105.56,
954,105.24,
2039,109.41,
4952,97.74,
6666,86.49,
5550,87.05,
565,103.26,
5098,92.3,
429,104.64,
5015,90.73,
321,104.35,
5048,87.94,
267,104.81,
4891,88.55,
258,106.31,
4640,91.48,
228,104.63,
4767,92.22,
223,105.29,
4736,90.13,
277,104.68,
4731,89.88,
212,105.77,
4709,92.03,
238,104.89,
4454,87.28,
221,105.41,
4378,77.71,
252,104.09,
3877,84.85,
256,103.82,
3498,90.07,
199,104.67,
3114,98.71,
2390,101.76,
1809,102.92,
1315,102.63,
966,102.53,
765,100.37,
737,98.66,
1191,102.02,
2939,101.12,
5506,91.64,
5639,85.73,
472,103.61,
5213,91.43,
336,104.3,
4727,93.39,
300,105.03,
5073,88.15,
279,104.61,
4887,89.01,
291,104.86,
4682,90.33,
246,105.17,
4619,90.78,
242,106.51,
4423,91.12,
211,104.75,
4703,89.68,
231,105.14,
4686,89.46,
263,105.02,
4599,88.46,
243,106.12,
4420,82.71,
250,104.47,
3908,84.33,
251,103.85,
3519,88.83,
194,103.89,
3250,97.11,
2450,99.88,
1899,103.75,
1356,102.9,
1024,103.36,
833,101.91,
756,100.48,
1155,101.82,
2917,100.81,
5264,93.12,
5515,87.47,
459,102.01,
5249,90.88,
357,104.29,
5137,89.77,
311,103.17,
5051,87.65,
276,104.71,
4945,88.65,
248,104.83,
4916,90.05,
266,104.48,
4900,88.54,
252,104.9,
4624,91.15,
232,105.64,
4638,90.37,
256,103.33,
4661,90.69,
242,106.59,
4549,90.06,
217,108.02,
4298,83.11,
228,105.68,
3962,78.05,
262,104.02,
3455,89.39,
213,102.75,
3293,98,
2726,100.2,
2205,104.19,
1497,103.36,
1111,101.75,
774,101.77,
790,100.3,
1119,101.42,
3026,101.02,
5377,92.41,
5521,85.57,
513,102.78,
5083,92.93,
367,103.78,
5204,88,
309,102.17,
5094,86.79,
341,103.52,
4877,87.88,
287,105.48,
4904,87.63,
255,104.25,
4983,90.63,
258,103.86,
4852,90.07,
263,105.78,
4744,90.19,
220,104.98,
4642,90.57,
232,105.55,
4622,88.65,
245,108.68,
4500,75.65,
252,103.73,
4107,79.39,
268,105.06,
3550,90.82,
213,103.53,
3347,97.15,
2750,100.62,
2280,103.27,
1535,103.89,
1058,102.18,
846,101.42,
763,100.6,
1230,100.62,
3056,101.74,
5461,92.47,
5408,87.8,
510,102.54,
5150,92.06,
348,105.65,
5095,89.5,
324,103.62,
3790,31.88,
350,88.12,
4796,56.12,
302,98.49,
4472,29.33,
308,89.73,
4700,55.88,
313,100.09,
4808,80.42,
303,102.75,
4897,61.03,
320,99.11,
4940,89.16,
318,106.09,
4948,84.65,
330,105.56,
4974,77.7,
302,103.58,
4782,73.4,
416,103.88,
4641,84.43,
388,102.63,
4921,95.11,
4085,99.46,
3102,104.96,
2240,106.15,
1519,107.61,
1110,107.42,
1076,107.2,
1754,107.89,
3652,103.82,
5620,92.86,
5223,87.63,
729,101.51,
4828,86.91,
594,101.97,
4736,48.74,
563,95.78,
4537,61.55,
483,101.15,
4522,89.91,
394,105.84,
4887,85.8,
355,104,
4734,93.34,
353,105.24,
4915,91,
369,105.05,
4952,87.6,
397,105.78,
4891,90.98,
393,105.05,
5005,84.88,
377,103.58,
4748,82.47,
375,104.04,
4353,86.19,
352,103.87,
4015,88.5,
269,104.02,
4049,98.36,
3321,102.4,
2261,106.94,
1512,108.97,
1039,110.92,
723,111.01,
696,110.52,
861,111.62,
2086,110.69,
3220,106.85,
3561,103.16,
372,105.82,
3937,101.3,
273,105.49,
4449,100.02,
265,105.85,
4986,95.47,
273,105.52,
4806,96.65,
241,106.66,
4632,97.94,
227,106.52,
4865,95.06,
264,107.94,
4849,94.4,
290,106.58,
4700,94.86,
326,107.65,
4986,90.76,
402,104.22,
4726,88.44,
324,104.39,
4538,86.4,
351,103.91,
4573,88.04,
364,103.56,
4628,87.16,
356,104.98,
5363,95.12,
4730,99.63,
2797,107.33,
1643,109.78,
1129,108.56,
780,106.21,
951,107.24,
2077,109.01,
5014,98.97,
6630,87.03,
5497,88.36,
608,102.22,
5013,92.83,
403,105.57,
5122,89.99,
321,104.32,
4975,88.77,
334,105.7,
4905,87.49,
251,105.64,
4491,92.81,
223,106.37,
4792,92.17,
251,106.44,
4906,90.82,
227,104,
4535,93.42,
234,107.26,
4503,91.71,
257,106.28,
4373,89.97,
194,106.8,
4312,80.45,
237,102.66,
4020,80.07,
244,104.23,
3443,91.34,
201,104.47,
3236,98.65,
2472,101.4,
1883,103.23,
1334,102.52,
938,100.79,
801,100.86,
738,100.3,
1188,101.19,
3024,102.18,
5391,92.51,
5416,85.98,
515,104.05,
5168,93.43,
305,106.72,
4993,89.49,
295,102.08,
5030,84.64,
276,104,
4670,89.13,
258,104.88,
4597,90.62,
255,103.81,
4746,90.02,
240,102.79,
4521,92.76,
229,106.97,
4392,93.44,
219,106.74,
4442,93.29,
230,106.62,
4280,88.28,
215,106.09,
4296,79.51,
235,104.74,
3998,74.14,
246,103.93,
3248,91.79,
207,105.18,
3173,93,
2426,99.47,
1843,100.18,
1320,96.84,
931,96.01,
771,98.83,
739,97.74,
1039,98.44,
2661,99.02,
5073,91.45,
5250,84.98,
475,102.8,
5036,92.5,
298,106.13,
5015,90.17,
260,103.68,
4845,89.61,
271,105.51,
4947,86.76,
238,104.94,
4783,90.71,
199,105.23,
4467,93.22,
228,108.7,
4536,91.79,
223,105.21,
4281,88.89,
211,104.67,
4084,88.59,
224,103.85,
4136,83.6,
237,104.47,
4254,75.91,
240,102.46,
3830,80.6,
270,102.73,
3308,89.97,
173,103,
2895,97.16,
2456,98.29,
1829,99.91,
1339,99.55,
984,100,
702,95.49,
629,95.07,
879,90.71,
2079,93.05,
4328,87.63,
4622,70.15,
435,93.46,
4063,72.12,
349,92.61,
3686,29.06,
354,81.83,
3906,84.63,
268,102.53,
4410,83.82,
279,102.15,
4542,81.48,
248,102.73,
4442,85.7,
246,104.04,
4456,86.34,
237,106.19,
4541,88.94,
232,104.31,
4553,89.18,
272,104.44,
4309,86.32,
192,104.91,
4265,82.7,
255,103.64,
3881,83.39,
280,102.07,
3068,92.5,
180,103.89,
3060,98.76,
2503,100.79,
1829,103.07,
1478,100.74,
932,100.74,
750,100.11,
772,99.31,
1316,100.95,
3131,101.43,
5601,89.89,
5355,82.69,
554,102.97,
5126,89.51,
342,102.87,
5084,87.16,
336,107.33,
4892,85.42,
308,106.12,
4865,87.28,
274,107.65,
4893,88.19,
296,104.28,
5004,68.59,
301,102.17,
5014,79.48,
299,104.07,
4909,89.15,
276,105.04,
4989,87.93,
317,105.19,
4925,81.88,
353,103.95,
5136,73.1,
344,104.29,
4679,81.91,
415,105.06,
4415,85.09,
375,103.23,
5623,90.54,
4200,97.08,
2815,102.38,
2111,103.74,
1454,104.12,
1056,105.78,
1030,102.75,
1568,105.8,
3625,102.04,
5620,88.99,
5253,85.42,
556,102.75,
5307,88.14,
471,102.46,
4907,92.95,
425,105.46,
4708,89.42,
387,105.28,
4842,94.72,
372,107.13,
4908,92.55,
347,106.66,
4977,90.98,
334,104.13,
4945,91.78,
370,105.58,
5037,91.18,
350,106.47,
4658,94.47,
382,106.7,
4761,87.05,
348,105.1,
4815,81.44,
360,103.89,
4376,87.99,
302,104.26,
3834,91.78,
234,105.65,
3618,100.46,
2949,103.14,
2174,105.63,
1476,108.52,
846,107.15,
641,108.52,
596,106.04,
699,105.55,
1506,102.24,
2738,100.16,
3112,97.78,
299,106,
3504,97.99,
280,105.24,
3884,95.37,
257,105.33,
4551,92.61,
244,105.56,
4822,95.98,
236,104.47,
4694,98.37,
267,107.93,
4994,95.67,
251,106.2,
4994,93.17,
279,105.65,
5055,91.39,
309,104.28,
5023,91.37,
339,107.41,
4665,87.28,
296,104,
4539,86.48,
324,103.21,
4450,90.11,
326,103.28,
4633,88.64,
296,103.77,
5083,97.97,
4111,102.46,
2591,107.56,
1477,108.57,
988,106.67,
724,105.02,
847,104.27,
1961,108.74,
5039,96.81,
6649,87.32,
5435,87,
562,102.7,
5186,90.98,
340,105.8,
5017,90.33,
288,104.22,
4883,86.69,
274,104.13,
4595,91.36,
208,104.96,
4810,90.94,
213,106.18,
4803,90.68,
213,105.94,
4105,91.55,
232,105.83,
4732,88,
206,106.65,
4755,89.22,
227,107.21,
4578,88.12,
206,106.97,
4426,78.96,
227,104.77,
3945,83.38,
260,104.58,
3263,92.02,
190,103.98,
2995,98.46,
2548,99.41,
1838,100.19,
1370,100.04,
1020,99.25,
769,99.73,
709,97.93,
1170,100.75,
2931,101.68,
5222,92.57,
5428,84.12,
492,104.26,
5217,90.52,
292,104.55,
5237,89.21,
306,102.4,
4959,90.51,
288,105.83,
4802,88.92,
250,105.21,
3937,95.66,
192,105.07,
3815,96.25,
212,106.14,
4290,94.98,
232,106.47,
4250,92.53,
205,105.68,
4722,88.47,
257,104.5,
4301,90.9,
186,106.17,
4055,84.27,
228,104.02,
3816,85.7,
230,103.19,
3234,91.88,
200,102.94,
2938,97.57,
2455,100.99,
1581,102.44,
1138,101.76,
849,100,
647,99.39,
634,97.52,
1065,99.19,
2763,101.58,
4975,94.61,
5366,86.37,
439,102.42,
5242,90.58,
284,104.86,
5173,87.93,
270,103.77,
4979,87.24,
283,103.17,
4937,87.12,
274,104.34,
4743,91.34,
237,105.66,
4882,90.77,
226,104.19,
4697,90.24,
226,105.89,
4620,90.38,
237,105.9,
4571,91.77,
229,107.2,
4465,88.85,
208,106.63,
4321,83.05,
243,103.17,
3841,84.24,
251,104.21,
3310,90.88,
197,103.91,
3208,99.08,
2341,101.57,
1602,102.85,
1217,101.9,
823,99.68,
636,99.4,
619,100.15,
1066,100.24,
2792,102.2,
5273,91.9,
5525,84.06,
443,104.14,
5184,91.7,
279,107.49,
5261,89.16,
287,105.58,
4489,93.26,
252,106.34,
5085,87.03,
241,103,
4926,87.89,
217,104.3,
4835,90.89,
213,103.68,
4600,92.24,
222,109.91,
4785,89.99,
222,105.54,
4501,92.5,
281,106,
4336,88.57,
221,107.23,
4294,80.46,
222,105.66,
3886,83.81,
255,103.26,
3462,90.51,
205,104.58,
3298,98.71,
2406,101.36,
1685,102.65,
1150,101.67,
862,98.94,
644,99.2,
676,99.12,
1153,101.93,
2881,101.39,
5029,93.91,
5221,84.14,
466,107.18,
5158,89.61,
301,106.73,
5103,88.85,
263,103.18,
4814,91.03,
248,105.18,
4897,88.56,
269,105.55,
4732,89.9,
255,107,
4820,90.04,
239,104.67,
4786,89.54,
248,105.8,
4886,86.72,
294,104.08,
4915,88.46,
299,104.61,
5081,83.1,
296,106.11,
4990,78.83,
305,105.11,
4555,82.58,
351,104.38,
4487,84.3,
363,102.89,
5452,90.81,
4045,99.61,
2585,103.64,
1637,104.17,
1100,103.64,
844,103.58,
833,102.44,
1348,104.36,
3150,102.15,
5047,93.2,
5015,90.1,
515,106.24,
4981,93.11,
346,106.35,
5073,92.69,
335,105.68,
5051,90.9,
349,105.54,
5024,91.35,
324,107.16,
4610,95.97,
284,107.01,
5019,93.44,
288,106.2,
5058,89.27,
315,105.85,
4052,96.45,
273,103.98,
4947,89.17,
334,105.41,
4598,87.3,
311,104.34,
4118,87.91,
289,103.49,
3915,90.42,
254,104.24,
3290,95.02,
185,108.14,
3436,101.2,
2695,105.78,
1685,109.45,
1031,108.64,
697,110.33,
466,109.3,
427,109.34,
612,105.94,
1393,108.89,
2662,106.41,
2953,103.45,
263,106.67,
3130,105,
194,105.52,
3620,103.23,
205,106.74,
4133,100.16,
225,107.21,
4428,100.21,
213,104.54,
4514,100.34,
213,105.61,
4737,98.19,
245,108.83,
4988,97.17,
263,107.09,
4884,96.81,
291,106.03,
4789,95.13,
285,106.06,
4539,90.84,
267,105.52,
4144,91.06,
301,104.06,
4300,92.12,
264,104.57,
4296,93.23,
248,107.02,
4797,99.96,
3688,103.93,
2287,107.99,
1312,108.59,
855,105.08,
630,104.68,
776,104.81,
1829,107.74,
4629,99.95,
6414,88.18,
5556,86.81,
593,104.74,
4978,91.71,
277,105.32,
4969,91.49,
230,103.76,
4901,91.1,
245,105.82,
4888,90.35,
229,106.16,
4646,92.39,
206,105.07,
4585,92.78,
189,106.39,
4593,91.1,
219,105.52,
4745,88.69,
229,105.93,
4575,90.46,
249,104.92,
4364,89.61,
204,106.84,
4410,83.84,
265,104.2,
3760,82.83,
249,104.31,
3043,93.14,
187,102.95,
3031,99.37,
2233,101.36,
1448,101.06,
1281,110.07,
78,125.25,
888,113.11,
825,110.8,
865,113.25,
1828,112.42,
3654,106.61,
5318,102.81,
4956,99.36,
388,107.11,
4852,98.16,
347,106.09,
4879,97.86,
373,106.12,
5313,93.44,
482,105.34,
5041,92.77,
543,105.2,
4499,97.58,
432,107.73,
5152,90.67,
486,104.6,
5142,90.08,
408,104.77,
5054,92.06,
380,104.7,
4754,95.01,
365,105.3,
4518,96.91,
293,108.01,
3973,96.91,
226,105.47,
3757,93.91,
244,105.41,
3807,93.07,
206,105.15,
3542,94.22,
174,109.48,
2614,100.15,
127,109.52,
1667,106.89,
73,110.91,
1057,109.39,
63,111.94,
752,109.62,
560,109.51,
517,111.29,
829,111.78,
1821,111.74,
2958,111.26,
3458,105.89,
267,106.53,
3913,100.91,
243,105.16,
4554,96.54,
287,105.93,
4953,92.17,
379,105.18,
4664,91.64,
367,104.71,
4894,88.68,
403,104.39,
4787,91.28,
327,105.28,
4354,93.27,
293,105.1,
4551,89.63,
308,104.8,
4748,89.23,
304,104.5,
3889,99.76,
236,107.72,
3369,95.79,
215,102.58,
3112,97.26,
210,104.27,
3060,96.87,
193,104.16,
2968,96.06,
166,106.19,
2385,101.62,
116,108.14,
1703,104.59,
76,112.56,
1052,107.9,
72,113.37,
838,107.1,
579,96.31,
556,93.48,
658,101.97,
1405,106.91,
2180,107.55,
2346,106.87,
233,108.05,
2782,106.62,
218,106.63,
3574,101.76,
232,106.54,
4151,99.69,
271,105.21,
4695,97.45,
276,107.19,
4738,98.91,
242,106.66,
4926,93.49,
261,104.99,
4628,91.07,
287,106.61,
4722,91.56,
281,105.1,
4452,95.62,
260,105.42,
4101,100.51,
243,107.47,
3376,97.86,
248,105.18,
3052,96.56,
317,103.39,
2910,99.29,
211,105.05,
2932,98.43,
179,110.22,
2551,100.86,
131,110.48,
1775,106.69,
96,114.47,
1146,109.81,
61,117.7,
862,111.65,
622,109.1,
513,107.92,
609,108.51,
1201,110.2,
1713,113.85,
1993,111.06,
216,106.4,
2258,110.21,
192,104.52,
3050,107.64,
234,105.69,
3697,103.81,
219,105.46,
4206,100.77,
218,104.57,
4261,101.8,
229,106.26,
4796,98.54,
242,105.74,
4900,95.1,
296,104.84,
5024,94.74,
284,104.85,
4970,93.38,
284,103.93,
4683,95.78,
264,105.37,
4224,92.79,
289,104.88,
4453,90.4,
343,103.69,
4390,91.99,
263,105.24,
4349,95.73,
3254,99.64,
2193,105.69,
1369,107.15,
893,106.09,
689,103.5,
845,105.9,
1934,106.94,
4825,97.98,
6783,92.77,
5539,90.1,
555,103.8,
5027,91.62,
280,103.94,
4561,93.83,
206,104.87,
4893,89.92,
246,103.74,
4936,89.15,
234,103.92,
4619,92.31,
181,104.09,
4812,91.82,
197,108.02,
4699,91.28,
205,106.83,
4662,92.44,
224,105.14,
4726,92.4,
210,106.75,
4511,93.25,
188,106.87,
4225,82.91,
231,103.69,
3911,76.12,
240,102.84,
3389,91.54,
179,104.16,
2917,98.49,
2088,101.18,
1555,105.11,
1291,101.28,
916,97.99,
774,97.12,
742,100.38,
1230,100.53,
2918,101.1,
5547,96.29,
5621,86.47,
417,103.22,
5154,50.86,
311,90.89,
4508,88.33,
256,103.25,
3940,91.73,
252,107,
4841,83.02,
247,104.51,
4884,86.16,
233,103.7,
4771,88.93,
224,106.26,
4743,90.01,
222,106.9,
4595,92.25,
214,108.98,
4430,93.28,
225,107.16,
4446,91.72,
194,107.09,
4264,82.52,
233,104.29,
3825,82.19,
242,103.21,
3334,89.9,
211,104.2,
3153,97.24,
2117,101.17,
1632,103.9,
1432,102.21,
1033,101.5,
785,100.69,
758,98.39,
1243,100.72,
2813,102.92,
5691,96.56,
5641,89.41,
417,103.12,
5199,90.08,
291,103.58,
5103,89.69,
245,103.79,
4928,89.49,
271,104.8,
4983,89.14,
238,107.56,
4883,88.28,
202,105.06,
4917,88.44,
222,103.9,
4666,90.72,
221,104.05,
4480,93.67,
189,106.16,
4597,92.95,
218,106.16,
4729,91.49,
201,109.16,
4360,77.47,
212,105.09,
3239,81.49,
234,103.99,
3036,91.39,
200,104.67,
3461,95.78,
2468,101.15,
1771,104.49,
1404,102.31,
1091,98.27,
836,98.88,
782,99.2,
1202,100.05,
2876,101.15,
5090,97.23,
5378,91.03,
455,106.35,
4820,94.4,
283,105.92,
5074,86.42,
249,102.97,
5045,88.53,
293,104.36,
4854,88.26,
286,103.61,
4276,92.53,
244,104.97,
4637,87.86,
263,106.74,
4993,86.14,
271,102.71,
4773,88.92,
270,105.02,
4716,92.16,
269,105.74,
5064,86.45,
281,106.48,
4931,80.65,
271,103.77,
4523,82.16,
297,104.27,
4294,85.23,
328,104.06,
5401,89.28,
4024,97.53,
2925,102.16,
2013,104.99,
1530,103.04,
1108,104.38,
1081,104.22,
1597,104.96,
3488,102.49,
5692,94.72,
5440,87.31,
587,103.17,
4992,51.43,
520,95.69,
4203,26.53,
509,90.31,
4363,34.24,
490,92.12,
4180,34.63,
487,87.53,
3919,21.45,
393,90.19,
4392,31.61,
433,90.32,
4346,82.03,
383,102.68,
4463,89.17,
359,105.8,
4439,90.35,
394,104.78,
4862,85.86,
414,104.33,
4330,88.48,
274,104.87,
3789,90.44,
259,104.23,
3327,94.13,
176,107.69,
3495,99.71,
2840,101.39,
1872,105.54,
1478,106.78,
1057,106,
826,104.8,
768,104.38,
1182,105.25,
2619,104.86,
4263,102.2,
4641,94.66,
355,106.02,
4248,97.86,
280,104.99,
4821,93.69,
267,104.03,
5057,90.24,
305,103.89,
4828,92.23,
277,106.33,
4914,93.06,
265,104.97,
5050,92.11,
319,106.47,
4885,86.17,
309,103.89,
4937,87.23,
311,104.59,
5020,87.07,
360,106.35,
4811,94.07,
264,107.27,
4319,87.67,
291,105.38,
3903,90.37,
275,104.26,
3273,94.02,
181,104.98,
3578,98.71,
2880,102.96,
1884,107.56,
1334,110.82,
822,111.06,
643,110,
557,111.47,
747,110.04,
1690,111.04,
2824,110.71,
3027,108.36,
275,105.84,
3435,105.23,
203,106.84,
4089,100.18,
217,104.57,
4450,97.7,
262,106.1,
4588,98.68,
206,105.84,
4739,98.04,
236,106.81,
5012,89.47,
285,105.46,
4634,91.91,
292,106.23,
5012,87.43,
310,103.7,
5027,89.79,
308,105.49,
4691,95.11,
255,105.52,
4350,88.48,
282,104.07,
4323,89.31,
303,104.05,
4468,90.1,
229,104.75,
4778,97.23,
3845,102.51,
2362,108.41,
1481,107.68,
1001,107.26,
792,105.69,
952,105.74,
2026,108.08,
4855,97.76,
6596,91.86,
5466,89.1,
552,104.45,
5062,78.94,
335,101.66,
5048,88.22,
266,101.61,
4974,89.5,
233,104.45,
4882,88.36,
240,104.79,
4749,89.84,
192,105.8,
4597,91.55,
204,105.43,
4552,80.43,
232,103.27,
4266,92.95,
201,104.9,
4412,92.63,
219,106.08,
4335,93.95,
200,108.78,
4245,85.5,
199,103.78,
3859,84.88,
236,104.13,
3535,87.57,
203,102.7,
2963,98.83,
2340,99.49,
1825,103.24,
1365,101.39,
997,98.99,
790,98.64,
873,99.96,
1315,100.98,
2870,101.54,
5716,95.02,
5328,89.09,
419,104.52,
5148,90.86,
294,104.12,
5170,88.66,
271,104.42,
4873,88.76,
260,105.2,
4814,88.81,
265,105.99,
4055,85.57,
242,104.34,
4538,85.31,
242,103.82,
4609,90.14,
225,105.33,
4228,93.25,
192,105.66,
4639,90.47,
251,105.05,
4476,92.29,
223,105.11,
4182,81.62,
200,104.42,
4020,71.03,
240,102.85,
3750,87.31,
217,104.81,
3138,97.57,
2450,97.59,
1979,98.5,
1371,97.35,
1025,97.04,
834,96.4,
750,96.38,
1228,97.19,
2960,99.15,
4970,96.9,
5449,88.62,
487,104.72,
5278,91.14,
302,105.42,
5141,89.72,
277,104.6,
4710,71.62,
284,100.06,
4633,63.96,
250,101.43,
4714,89.21,
218,105.41,
4550,89.56,
234,104.28,
4516,90.43,
253,103.39,
4442,90.93,
215,105.66,
4427,90.28,
228,104.8,
4227,91.96,
192,106.39,
4212,83.84,
205,104.88,
3989,80.89,
291,105.27,
3593,88.54,
213,103.51,
3137,97.44,
2685,100.55,
1889,103.27,
1409,102.88,
1018,99.97,
759,98.53,
777,99.12,
1223,100.92,
3019,100.76,
5551,95.16,
5592,88.76,
428,106.06,
5234,91.01,
308,104.22,
5150,88.89,
261,104.62,
4825,76.31,
275,101.33,
4791,87.64,
277,105.93,
4839,89.21,
237,104.27,
4593,91.99,
213,104.85,
4698,89.79,
237,103.38,
4539,92.25,
200,105.82,
4519,92.27,
242,105.28,
4457,92.9,
209,108.08,
4401,78.37,
233,102.73,
4006,79.68,
261,104.12,
3597,89.32,
201,104.79,
3252,97.84,
2599,100.49,
1967,103.7,
1464,102.86,
1105,101.68,
844,103.16,
757,101.28,
1190,102.54,
3060,101.54,
5561,94.3,
5585,86.65,
436,105.35,
5122,90.52,
295,104.98,
5092,88.43,
280,103.31,
4039,95.01,
259,104.9,
3813,97.49,
233,105.61,
3887,96.52,
258,106.78,
3914,96.66,
239,108.32,
3934,95.98,
246,105.39,
3811,96.21,
289,105.37,
4480,94.47,
269,106.14,
5046,88.58,
318,107.16,
4919,80.53,
278,105.13,
4643,78.4,
323,102.43,
4310,84.35,
331,104.75,
4901,93.6,
3576,100.14,
2740,103.75,
1891,105.08,
1341,104.8,
1081,103.76,
975,100.75,
1552,103.63,
3057,102.66,
5161,95.29,
5488,86.31,
569,103.56,
5331,82.26,
449,102.4,
4825,50.21,
451,94.71,
4358,94.3,
356,106.55,
4868,91.37,
360,105.83,
5039,88.82,
351,106.4,
4898,91.92,
338,106,
5119,83.97,
346,104.77,
4677,87.77,
383,103.88,
5200,82.58,
374,103.19,
4842,89.34,
366,105.99,
4861,80.68,
350,103.3,
4452,84.5,
287,103.19,
3862,90.63,
217,105.25,
4086,97.56,
3277,101.29,
2189,106.57,
1493,109.38,
1008,108.88,
696,110.17,
627,108.3,
823,110.17,
1818,109.44,
3007,108.44,
3333,104.17,
326,106.91,
3933,100.92,
228,105.53,
4430,98.36,
236,106.49,
5088,93.17,
262,104.76,
4828,96.42,
221,106.98,
4752,93.45,
256,106.3,
5029,88.94,
279,104.55,
4929,89.91,
279,104.04,
5104,85.92,
332,105.29,
5197,85.87,
326,105.05,
5046,90.03,
304,106.26,
4704,85.18,
343,104.61,
4636,86.12,
340,105.35,
4630,86.96,
278,103.89,
5402,94.48,
4378,99.8,
2859,106.3,
1568,106.78,
997,105.48,
760,106.82,
902,107.07,
1933,109.48,
5022,97.64,
6576,91.19,
5751,89.59,
576,104.04,
5175,92.26,
359,105.88,
4917,82.1,
254,102.86,
4435,52.91,
312,96.57,
4003,32.93,
278,94.99,
4022,94.49,
220,105.11,
4676,92.15,
244,107.35,
4754,90.82,
244,107.08,
4582,92.06,
212,104.74,
4628,90.39,
244,104.92,
4433,93.93,
199,109.06,
4370,81.25,
228,105.61,
3793,84.92,
219,104.87,
3479,90.37,
176,103.42,
3076,98.4,
2419,102.46,
1729,104.64,
1314,103.48,
1024,102.68,
801,101.83,
796,102.03,
1235,103.96,
3026,102.82,
5426,97.28,
5696,89.61,
470,105.2,
5346,92.72,
351,106.6,
5034,89.82,
278,104.76,
4575,76.47,
314,102.25,
4333,49.43,
288,100,
3435,84.61,
211,105.39,
4286,93.29,
204,105.15,
4679,90.89,
244,104.96,
4088,94.45,
222,107.66,
3791,95.91,
239,105.24,
4627,89.08,
208,106.82,
4339,79.26,
198,103.59,
3876,83.08,
269,103.97,
3729,86.35,
217,102.86,
3222,97.47,
2433,100.09,
1700,101.49,
1492,103.01,
1039,102.91,
787,98.73,
768,101.77,
1124,102.48,
2942,101.28,
5498,95.08,
5436,88.42,
425,105.42,
5268,90.92,
302,104.75,
4942,90.34,
299,103.37,
4140,92.99,
245,106.05,
3727,95.82,
214,105.83,
3765,95.12,
205,106.3,
3791,94.9,
207,104.99,
3801,95.92,
222,105.33,
3797,96.48,
223,106.28,
4520,92.58,
255,107.69,
4424,92.89,
221,108.2,
4332,78.33,
222,103.72,
4014,68.9,
284,103.07,
3330,90.44,
189,104.79,
3079,98.55,
2512,98.35,
1819,97.14,
1490,97.47,
980,98.21,
762,98.31,
743,96.26,
1159,100.16,
3057,98.67,
5479,94.7,
5583,86.92,
465,105.66,
5009,90.78,
281,103.97,
5064,87.68,
310,103.26,
4927,89.08,
268,103.84,
4925,88.67,
223,105.68,
4864,89.52,
236,103.87,
4742,91.75,
204,106.26,
4399,92.28,
220,103.59,
4518,90.56,
219,104.07,
4601,88.36,
264,105.17,
4287,91.18,
212,107.86,
4259,82.17,
239,103.45,
3473,87.23,
258,105.69,
3705,87.55,
202,105.87,
3348,96.63,
2637,100.38,
1915,103.73,
1392,102.67,
960,102.99,
733,100.16,
791,100.02,
1215,102.14,
2973,101.7,
5475,95.09,
5446,87.17,
453,104.58,
5112,90.17,
329,104.44,
4432,92.56,
288,104.09,
3839,95,
251,105.19,
3957,94.6,
282,104.99,
4052,94.14,
240,104.9,
4377,91.87,
260,103.77,
3944,94.83,
272,103.1,
3946,94.4,
271,107.67,
4687,88.66,
307,105.31,
5086,86.23,
288,104.85,
4773,81.91,
313,105.16,
4797,77.33,
367,103.43,
4422,84.36,
346,103.37,
5280,90.06,
3712,99.27,
2837,102.09,
1917,103.48,
1386,105.2,
1052,105.26,
970,103.39,
1397,104.47,
3212,103.4,
5208,94.86,
5306,73.89,
646,99.37,
4827,37.17,
547,90.05,
3950,80.88,
379,102.18,
4641,92.34,
406,105.41,
4954,86.35,
366,106.18,
4811,92.43,
312,108.05,
4909,88.33,
346,105.63,
4784,86.18,
377,104.53,
4917,83.83,
396,104.08,
5144,81.96,
415,104.35,
5262,83.78,
341,104.48,
4829,81.02,
335,103.11,
4407,85.84,
323,102.98,
4077,88.12,
235,104.81,
4299,95.89,
3513,100.2,
2257,106.52,
1457,109.79,
986,110.69,
728,109.74,
626,108.91,
870,111.58,
1960,110.13,
3149,108.06,
3383,104.13,
341,106.08,
3979,101.62,
315,105.23,
4561,97.86,
254,105.81,
5147,92.58,
277,104.36,
4882,96.29,
260,106.38,
4833,95.13,
230,105.86,
4900,89.93,
276,104.67,
5007,87.4,
322,105.61,
5098,84.77,
356,103.18,
5099,89.86,
337,106.94,
5114,88.24,
316,106.12,
4755,84.25,
339,101.95,
4830,83.87,
396,103.99,
4691,85.66,
306,104.35,
5477,93.73,
4815,97.99,
2962,106.47,
1719,108.11,
1139,107.03,
758,107.24,
961,105.8,
1931,107.86,
4974,99.89,
6392,89.57,
5629,88.03,
601,103.5,
5205,92.62,
380,105.13,
5116,68.33,
365,95.44,
5076,88.6,
300,103.65,
4965,87.78,
270,105.42,
4851,89.29,
242,105.69,
4831,90.13,
203,106.67,
4787,91.08,
247,106.18,
4644,90.59,
237,107.46,
4462,92.38,
221,106.59,
4572,92.22,
200,107.54,
4366,78.41,
214,104.41,
3955,81.94,
265,104.76,
3657,88.47,
202,104.03,
3230,98.9,
2510,101.08,
1877,103.15,
1314,102.73,
983,102.43,
810,99.66,
820,100.23,
1281,101.88,
3119,101.53,
5627,95.76,
5543,88.4,
462,104.96,
5166,91.45,
348,103.59,
4464,94.85,
241,106.65,
3935,97.33,
240,105.91,
3916,96.53,
226,105.58,
3982,95.82,
219,105.61,
4059,96.42,
239,107.34,
3937,96.6,
227,106.8,
3903,95.94,
215,107.12,
3829,97.87,
212,106.33,
3923,96.26,
216,107.8,
4249,82.99,
251,105.05,
3866,83.66,
225,103.61,
3543,89.3,
209,102.96,
3260,99.04,
2498,102.08,
1824,104.82,
1345,103.12,
968,102.76,
795,100.25,
726,101.44,
1101,101.85,
3001,102.85,
5331,95.52,
5443,88.24,
480,103.71,
5188,91.52,
322,104,
4550,93.34,
258,105.78,
4089,94.57,
271,105.19,
4051,94.38,
243,107.15,
4280,93.05,
203,104.52,
4689,90.01,
207,104.68,
4708,90.7,
221,104.29,
4396,90.83,
228,106.14,
4529,90.84,
229,106.73,
4600,89.38,
179,108.42,
4441,75.86,
253,102.94,
3936,74.92,
255,103.47,
3362,90.97,
195,103.58,
3239,98.55,
2551,101.03,
1923,103.68,
1371,103.5,
959,102.22,
797,101.33,
777,99.74,
1174,101.62,
2979,100.73,
5461,93.24,
5669,85.62,
474,104.49,
5212,90.31,
330,104.27,
5021,69.34,
322,98.45,
4846,85.39,
296,105.02,
4979,87.56,
277,106.15,
4807,87.98,
260,105.06,
4284,90.48,
235,106.66,
4261,92.74,
218,104.73,
4596,92.66,
206,105.53,
4635,91.93,
246,107.7,
4369,91.05,
210,108.45,
4350,78.92,
239,103.48,
3868,81.06,
284,102.52,
3707,86.96,
207,104.16,
3313,97,
2769,99.81,
2030,103.35,
1558,102.69,
1088,102.29,
851,101.67,
756,101.35,
1211,100.18,
2907,101.69,
5588,92.59,
5592,86.13,
467,104.54,
5150,90.62,
296,104.93,
4656,93.79,
278,103.74,
4952,88.41,
285,104.61,
4870,89.21,
268,107.02,
4511,93,
268,105.76,
4967,89.82,
259,107.1,
4981,88.99,
287,106.17,
4997,87.51,
314,105.42,
5129,86.23,
329,104.78,
5112,85.52,
328,105.57,
4812,75.6,
337,101.82,
4535,78.41,
369,103.42,
4337,84.63,
328,104.37,
5021,92.13,
3886,98.75,
2695,103.7,
1979,104.11,
1470,104.41,
1097,106.04,
1112,104.74,
1595,106.32,
3457,102.66,
5609,92.01,
5537,87.16,
738,101.83,
5049,54.67,
585,92.68,
4419,88.59,
408,104.8,
4516,93.43,
414,105.04,
4827,91.92,
369,105.96,
4752,91.48,
332,106.43,
4593,88.43,
399,106.06,
5117,83.58,
391,102.71,
4957,83.67,
427,103.1,
5357,81.06,
394,104.32,
5186,83.81,
345,103.89,
4774,81.84,
339,102.46,
4333,84.94,
312,104.51,
4086,86.93,
258,106.19,
4213,97.17,
3587,100.01,
2348,106.69,
1077,100.13,
874,96.02,
688,98.93,
623,97.72,
1114,101,
2930,101.17,
5527,98.59,
5504,85.26,
436,102.83,
5130,89.84,
226,105.09,
3954,95.01,
223,104.22,
3976,93.78,
231,105.29,
3950,94.67,
195,106.76,
3968,94.15,
183,104.85,
3890,91.53,
189,106.31,
3894,94.02,
218,104.66,
3855,95.18,
174,104.8,
3812,95.89,
208,106.08,
4259,95.47,
201,108.69,
4172,93.26,
215,106.08,
3644,84.99,
203,103.94,
3288,90.32,
180,104.25,
2808,97.83,
2094,101.19,
1477,100.3,
1045,98.42,
767,98.49,
708,97.69,
625,98.75,
1006,95.73,
2296,96.87,
4720,95.51,
5042,87.34,
408,102.97,
4738,86.62,
220,104.42,
4627,88.52,
229,104.78,
4289,87.68,
220,101.81,
4279,85.44,
192,102.88,
4042,84.21,
194,102.27,
3967,91.97,
208,104.06,
4206,89.2,
208,105.38,
4036,90.17,
212,102.79,
4143,92.74,
203,106.18,
3603,87.15,
187,104.62,
3634,86.14,
198,102.55,
3237,81.07,
214,105.31,
3003,84.74,
206,102.46,
2506,93.43,
1799,92.15,
1182,94.61,
871,88.83,
655,90.09,
465,88.58,
496,90.33,
735,88.93,
1734,87.26,
4082,88.01,
4206,81.43,
375,98.83,
4770,86.17,
249,102.45,
4430,90.69,
210,104.64,
4474,92.08,
208,106.44,
4444,90.91,
179,103.23,
4288,92.33,
165,105.01,
4476,91.9,
192,104.35,
4409,91.46,
200,103.64,
4505,92.79,
207,106.74,
4335,94.24,
201,107.66,
4460,95.09,
189,107.37,
4038,92.89,
208,104.62,
3470,88.51,
200,103.08,
2963,92.46,
172,102.6,
2915,97.77,
2094,96.9,
1444,98.43,
1045,99.28,
895,97.66,
699,95.15,
689,96.65,
1298,100.02,
3277,100.51,
5950,96.62,
5573,87.41,
410,104.54,
5273,88.73,
236,103.67,
4225,92.58,
260,103.33,
4074,93.12,
258,102.92,
4019,93.98,
208,105.18,
3947,92.55,
249,105.09,
3883,92.8,
222,104.94,
4031,94.61,
241,106.67,
3906,95.68,
202,104.94,
3982,95.99,
242,106.43,
4430,94.41,
245,108.55,
4776,91.35,
275,107.39,
4413,85.69,
320,104.06,
4134,86.26,
264,103.82,
4793,92.37,
3355,96.87,
2353,100.36,
1519,102.41,
1154,100.25,
932,101.46,
873,100.8,
1549,103.52,
3116,104.1,
5074,101.87,
5023,93.14,
330,105.12,
4829,92.79,
247,105.39,
5132,90.98,
264,104.59,
4993,88.42,
266,104.52,
4941,93.27,
244,106.65,
4791,94.96,
236,105.42,
4876,92.48,
260,106.98,
4755,93.32,
279,105.77,
4300,98.37,
256,104.43,
4879,95.02,
239,105.86,
4788,96.15,
238,107.49,
4305,96.79,
231,106.05,
3409,96.2,
203,106.13,
3098,97.54,
152,104.55,
2994,102.34,
2565,106.08,
1592,109.08,
1087,111.18,
739,110,
510,109.34,
447,108.66,
764,108.89,
1805,111.36,
2683,112,
2607,107.86,
207,105.24,
2736,105.83,
156,107.53,
3229,101.23,
172,106.88,
3588,100.29,
204,109.49,
3830,103.31,
183,105.46,
4172,102.47,
168,107.96,
4249,102.88,
190,107.6,
4456,99.51,
215,106.26,
4849,94.36,
232,104.4,
4438,97.06,
217,106.1,
4289,96.69,
219,105.45,
4007,95.8,
214,103.79,
3932,88.16,
275,101.55,
3953,87.32,
225,103.32,
4251,88.2,
3484,93.17,
2074,99.09,
1189,99.34,
778,96.29,
548,96.46,
651,97.32,
1407,102.8,
3708,98.63,
5292,85.73,
4828,58.76,
528,86.84,
4305,76.62,
247,98.69,
3756,85.58,
210,100.34,
3651,87.51,
237,101.96,
3609,90.62,
175,104.87,
3595,92.02,
178,104.28,
3714,92.09,
184,103.32,
3744,91.48,
195,103.13,
3628,86.77,
189,101.14,
3659,91.97,
184,102.4,
3800,92.2,
167,105.68,
3512,83.14,
212,102.12,
2554,82.6,
186,100.33,
2837,82.48,
161,99.25,
2581,90.79,
1844,96.79,
1223,99.24,
899,97.47,
672,96.53,
649,93.97,
668,97.03,
1188,100.45,
2931,102.21,
5758,98.78,
5659,86.57,
371,104.73,
5133,88.51,
264,104.69,
4938,88.55,
244,103.34,
4930,88.61,
210,103.21,
4786,88.19,
197,104.17,
4660,90.41,
248,103.76,
4876,90.59,
192,105.61,
4787,89.03,
210,105.43,
4472,92.51,
198,104.84,
4408,94.04,
210,104.34,
4512,93.52,
173,108.18,
4111,93.57,
205,106.77,
3713,86.48,
219,105.36,
3310,90.43,
159,104.87,
3045,98.16,
2322,101.5,
1556,101.92,
1133,102.33,
858,100.19,
683,98.88,
638,92.17,
1089,96.33,
2486,98.25,
5203,95.84,
5443,85.79,
429,102.18,
5140,90.27,
222,104.01,
5148,86.56,
232,102.19,
4910,87.67,
219,105.5,
4698,89.03,
182,104.95,
4764,88.68,
185,104.95,
4699,89.26,
208,104.6,
4563,92.75,
223,105.66,
4278,86.5,
232,101.83,
4045,88.09,
209,103.21,
3871,83.71,
214,101.29,
3925,83.71,
196,104.46,
3393,82.26,
217,102.14,
3365,87.74,
179,103.65,
3005,97.51,
2201,101.71,
1548,102.5,
1132,102.08,
836,99.75,
705,99.45,
640,100.23,
1202,102.11,
3025,103.28,
5523,98.53,
5515,85.53,
475,104.51,
5133,89.79,
254,105.12,
4449,93.12,
240,103.67,
4305,91.88,
257,105.03,
4174,93.1,
206,105.81,
4088,92.65,
216,105.11,
4317,91.87,
216,103.64,
3936,94.83,
236,106.29,
4033,93.56,
189,107.05,
3839,96.14,
232,106.4,
4571,93.74,
204,106.03,
4210,92.02,
188,106.56,
3749,83.01,
234,106.87,
3635,89.16,
182,103.91,
3335,97.63,
2293,102.62,
1667,103.94,
1163,102.94,
958,100.58,
734,100.33,
709,102.23,
1273,102.08,
3045,103.31,
5827,100.2,
5427,89.34,
404,105.04,
5140,89.97,
244,104.8,
4546,89.55,
262,102.87,
4866,87.73,
255,103.7,
4876,87.49,
221,104.61,
4902,87.53,
251,104.52,
4829,87.17,
272,102.89,
4588,87.77,
285,106.46,
4726,88.18,
253,105.4,
4924,90.48,
263,106.24,
4968,89.35,
238,106.59,
4680,88.87,
250,107.55,
4199,79.96,
316,103.05,
4066,82.35,
326,101.7,
5009,85.4,
3545,91.07,
2389,95.48,
1519,98.42,
1167,94.53,
968,96.75,
855,99.05,
1755,98.34,
3579,95.08,
5401,94.24,
5059,83.92,
560,101.29,
4466,86.19,
306,103.61,
4581,86.52,
365,104.46,
4326,89.52,
315,104.98,
4358,88.98,
308,106.33,
4456,91.15,
280,105.29,
4396,91.58,
279,105.06,
4371,91.58,
332,106.92,
4470,90.74,
279,106.12,
4911,87.76,
286,104.16,
4797,92,
220,107.56,
4253,90.96,
278,104.94,
3432,92.37,
213,103.26,
3153,95.46,
164,103.45,
3337,102.19,
2609,106.87,
1611,110.66,
1134,111.29,
706,111.01,
531,110.12,
587,110.91,
1068,112.56,
2797,110.06,
4316,109.1,
3955,104.96,
295,107.65,
3547,104.8,
204,105.04,
3787,102.09,
184,106.12,
4089,100.08,
223,106.48,
4279,99.87,
177,105.32,
4612,99.27,
221,106.18,
4615,97.41,
232,107.15,
4841,88.11,
276,104.85,
4990,90.09,
241,106.39,
4691,95.62,
220,105.06,
4594,96.83,
224,105.72,
4289,96.81,
230,104.07,
4056,91.68,
246,105.1,
4375,90.17,
254,104.58,
4944,96.54,
4234,99.79,
2631,106.9,
1513,107.54,
946,106.35,
730,104.3,
845,105.7,
1911,107.79,
4809,99.82,
6691,94.78,
5644,88.7,
575,103.67,
5093,89.8,
290,104.35,
4898,89.15,
250,105.18,
4298,89.62,
248,101.8,
4781,88.89,
211,104.58,
4785,90.54,
206,106.48,
4844,90.04,
214,104.61,
4688,90.94,
237,103.58,
4368,91.97,
189,105.17,
4394,93.73,
186,107.76,
4330,95.15,
176,110.57,
4192,92.2,
175,106.47,
3727,82.87,
222,105.08,
3412,90.85,
176,104.44,
3083,99.41,
2273,102.56,
1665,103.57,
1170,101.7,
896,102.36,
729,100.33,
749,99.37,
1251,102.6,
2987,103.47,
5745,98.45,
5620,88.28,
434,104.24,
5112,90.78,
256,104.45,
4980,88.14,
229,105.44,
5016,87.05,
211,105.81,
4342,91.16,
218,105.17,
3785,95.72,
196,105.16,
3848,94.96,
215,105.67,
3769,94.85,
203,102.14,
3704,95.9,
214,109.05,
3834,95.38,
210,105.62,
4714,91.74,
193,109.68,
4157,91.17,
186,107.46,
3813,82.89,
225,104.54,
3565,88.84,
190,104.3,
3047,98.26,
2334,101.54,
1781,104.05,
1250,103.48,
972,92.9,
772,96.15,
779,96.74,
1170,100.29,
3024,100.16,
5825,96.04,
5444,87.33,
416,104.48,
5106,92.13,
277,105.15,
4929,88.91,
251,103.41,
4659,89.07,
228,104.59,
4731,87.45,
214,104.24,
4849,86.43,
196,102.31,
4611,89.09,
196,105.38,
4168,91.19,
200,105.38,
4339,84.53,
202,101.6,
4250,90.44,
189,105.35,
4384,92.59,
172,107.66,
4277,87.56,
183,106.97,
3616,85.7,
216,103.46,
3352,91.12,
208,105.63,
2930,97.3,
2398,101.43,
1688,102.85,
1214,102.77,
934,101.34,
740,99.46,
696,99.45,
1199,101.25,
3081,102.49,
5971,96.03,
5457,87.92,
408,103.67,
5058,90.69,
275,103.41,
4916,90.6,
237,103.06,
5054,86.35,
212,91.43,
5086,79.39,
69,61.42,
4432,89.27,
157,102.84,
3802,95.15,
198,107.2,
3724,92.56,
230,104.98,
3700,95.06,
199,108.54,
3645,97,
199,107.99,
4306,94.06,
194,110.17,
4262,91.09,
184,106.15,
3897,78.85,
217,102.82,
3532,89.94,
206,103.1,
3150,97.99,
2488,100.63,
1882,102.85,
1406,102.63,
1053,100.05,
801,98.43,
744,99.83,
1269,101.58,
3251,102.05,
5861,97.42,
5548,87.62,
467,104.91,
5245,89.92,
264,105.95,
4961,87.85,
264,105.23,
4893,86.44,
246,105.1,
4797,85.75,
258,103.61,
4840,86.41,
254,104.81,
4978,84.09,
267,104.67,
4673,86.42,
248,105.74,
4728,86.76,
255,102.32,
4837,89.57,
261,105.41,
4954,89.85,
237,108.19,
5021,79.73,
286,105.54,
4454,79.42,
290,103.91,
4289,85.78,
304,104.11,
5151,89.84,
3836,97.52,
2712,103.78,
1886,104.96,
1456,103.76,
1133,103.85,
1147,103.83,
2109,103.8,
4050,92.9,
5620,84.3,
4964,81.23,
723,96.65,
4308,85.46,
422,102.1,
4630,79.89,
385,97.46,
4532,64.89,
382,98.36,
4395,92,
320,104.83,
4233,95.9,
251,104.9,
4787,92.05,
268,106.16,
4963,89.62,
311,104.52,
4964,86.66,
295,104.9,
4900,89.68,
324,104.93,
4641,92.13,
269,105.08,
4466,92.07,
271,104.56,
4002,89.21,
278,103.13,
3327,95.16,
177,104.38,
3703,99.86,
2848,103.35,
1972,107.02,
1371,109.2,
899,109.88,
673,109.04,
639,107.47,
1231,109.72,
2885,107.46,
4609,106.98,
3823,102.36,
327,107.33,
3567,103.02,
229,107.98,
4134,99.79,
264,106.71,
4520,97.44,
222,106.58,
4438,98.3,
211,104.85,
4358,99.86,
186,107.01,
4551,97.44,
223,107.83,
4839,93.98,
249,106.16,
5037,89.21,
229,106.33,
4891,92.08,
237,106.33,
4672,95.61,
209,105.92,
4278,95.01,
240,104.55,
4423,88.79,
252,104.38,
4453,89.49,
251,103.87,
5004,95.42,
4371,99.61,
2691,107.12,
1567,108.06,
991,105.45,
758,105.06,
899,105.66,
2076,106.6,
4820,98.54,
6590,95.04,
5682,88.46,
578,104.48,
5057,90.33,
335,104.88,
5081,88.39,
267,103.91,
4882,72.82,
272,102.14,
4700,77.3,
249,104.81,
4845,90.06,
184,103.32,
4766,90.35,
207,104.54,
4232,92.66,
184,103.59,
4326,92.54,
216,105.41,
4555,92.03,
217,106.34,
4404,94.7,
182,108.14,
4239,87.97,
208,105.15,
3920,74.92,
222,104.39,
3565,89.11,
171,103.56,
3356,97.81,
2375,102.16,
1797,103.97,
1361,103.53,
979,101.7,
785,99.58,
833,98.85,
1332,101.63,
3212,102.31,
6180,95.69,
5502,89.47,
450,103.68,
5148,90.87,
276,105.57,
4924,90.34,
256,104.62,
4213,95.53,
220,105.89,
3910,97.29,
222,105.32,
3921,94.64,
200,105.23,
3890,95.28,
216,105.41,
3734,96.55,
214,105.16,
3733,96.57,
185,105.3,
3775,97.41,
205,107.67,
4547,94.04,
186,108.79,
4165,89.76,
193,106.49,
3793,84.2,
220,105.25,
3658,88.27,
207,104.15,
3410,98.1,
2514,101.5,
1846,104.05,
1404,102.32,
1060,101.01,
797,99.62,
766,99.87,
1246,101.79,
3151,100.46,
5915,97.23,
5581,87.99,
451,104.21,
5244,90.77,
307,105.43,
4249,95.06,
221,106.92,
3821,97.89,
231,107.71,
3817,98.03,
203,104.54,
3781,97.17,
208,105.89,
3782,96.62,
213,106.48,
3743,96.62,
207,106.57,
3704,98.25,
199,107.85,
4388,94.36,
200,105.76,
4563,94.32,
184,108.47,
4287,88.13,
230,107.03,
3892,76.21,
219,105.75,
3622,88.73,
205,103.59,
3195,98.06,
2388,101.16,
1794,103.92,
1411,102.92,
1085,102.43,
810,99.28,
751,97.83,
1175,100.01,
3149,101.25,
5672,96.97,
5600,87.54,
462,105.93,
5169,90.54,
294,105.33,
5072,88.17,
286,103.58,
4603,91.76,
237,104.5,
3999,96.25,
216,104.32,
3917,94.69,
186,105.34,
3902,95.69,
190,105.21,
3800,92.34,
238,107.02,
3855,92.73,
222,107,
4663,86.74,
252,104.8,
4382,94.46,
184,109.39,
4259,87.96,
184,107.37,
3857,85.13,
236,103.4,
3358,89.46,
208,103.92,
3665,96.13,
2609,100.47,
1990,104.67,
1474,102.67,
1084,103,
850,99.6,
750,98.7,
1275,101.24,
3089,101.71,
5688,97.27,
5532,88.14,
435,104.74,
5033,90.43,
277,104.58,
4987,83.55,
256,103.66,
4865,83.6,
279,104.28,
4869,83.93,
251,106.28,
4940,82.78,
238,102.18,
4825,85.03,
231,103.91,
4899,84.85,
243,103.73,
4677,88,
253,106.78,
4908,85.21,
282,105.06,
4410,90.31,
203,108.3,
4731,85.17,
260,105.16,
4173,74.59,
285,104.6,
4262,84.57,
294,103.21,
4870,92.73,
3631,98.81,
2721,101.98,
2034,102.25,
1491,103.37,
1143,101.88,
955,103.3,
1636,105.01,
3676,100.68,
5537,97.82,
5365,90.03,
479,104.22,
4955,91.66,
317,105.71,
4964,91.89,
347,104.5,
4773,90.1,
301,106.19,
4772,93.28,
284,105.81,
5022,90.27,
263,106.2,
4837,92.12,
276,106.12,
4820,93.85,
286,105.14,
4615,88.58,
262,105.18,
4944,85.68,
351,105.29,
5026,88.21,
261,104.74,
4493,90.46,
250,104.43,
4019,89.75,
226,104.55,
3467,94.58,
183,108.5,
3604,99.97,
2752,104.59,
1922,107.45,
1273,108.55,
838,109.39,
656,109.52,
637,107.33,
927,108.85,
2342,109.39,
3606,108.81,
3697,103.87,
254,106.25,
3693,103.4,
200,106.38,
4092,100.93,
198,106.04,
4155,100.43,
239,107.05,
4507,98.04,
208,106.35,
4359,99.46,
196,105.19,
4519,95.25,
222,105.48,
4564,91.66,
273,106.04,
4501,91.21,
249,105.83,
4854,87.92,
267,106.63,
4727,93.81,
247,104.21,
4343,93.01,
241,104.41,
3914,91.58,
246,103.78,
4038,90.29,
210,105.69,
3619,100.04,
3541,103.56,
2325,107.83,
1442,107.49,
1007,105.67,
807,103.96,
811,103.88,
1758,107.57,
4375,100.1,
6762,92.76,
5580,89.01,
517,104.74,
5037,91.2,
299,105.53,
4829,92.26,
238,103.6,
4935,74.19,
244,103.32,
4757,74.32,
289,100.55,
4912,88.88,
212,106.08,
4926,88.86,
247,103.69,
5054,87.7,
273,105.09,
4915,91.03,
229,108.93,
4699,92.73,
273,106.57,
4913,91.41,
215,107.83,
4542,87.03,
207,105.01,
4240,78.37,
243,104.4,
3955,86.93,
236,104.95,
3791,96.54,
3058,101.1,
2525,103,
1641,104.78,
1220,102.59,
1006,104.76,
853,101.63,
1424,104.55,
3152,102.08,
5443,98.17,
5528,88.91,
419,104.74,
4946,93.29,
301,104.3,
4694,89.19,
264,104.5,
4337,93.87,
266,104.18,
4878,93.24,
281,105.27,
4685,95.29,
278,106,
5040,93.11,
355,107.3,
5182,90.22,
406,106.26,
4710,93.91,
424,106.59,
4945,91.69,
454,106.53,
4610,94.75,
421,105.67,
4946,84.3,
522,102.79,
4700,81.97,
607,101.53,
4648,82.12,
574,100.75,
4790,84.64,
684,100.82,
4317,89.03,
539,104.48,
3461,94.75,
395,107.82,
3506,95.75,
351,111.72,
2976,106.39,
2576,108.35,
3265,105.24,
4946,98.39,
5566,93.91,
6653,89.98,
3715,100.89,
580,106.74,
4395,99.55,
448,106.94,
5369,89.27,
536,104.15,
4858,94.27,
480,105.13,
4441,99.28,
421,106.62,
4974,95,
438,107.11,
4817,95.86,
403,105.95,
4979,94.93,
356,106.5,
4608,93.37,
315,104.68,
4485,82.41,
334,100.7,
3975,101.6,
233,106.15,
3800,95.57,
242,104.82,
3318,97.03,
229,104.99,
3369,97.4,
209,105.06,
3156,99.83,
196,107.6,
2544,105.26,
128,109.44,
1800,109.98,
127,113.55,
2552,103.33,
1750,107.15,
1468,105.33,
1316,108.6,
2111,107.8,
4500,102.24,
6908,94.62,
5469,85.14,
733,102.84,
5164,91.77,
504,105.89,
4538,97.8,
405,106.72,
5345,92.94,
500,106.66,
5456,91.6,
451,104.86,
4866,88.73,
435,103.95,
4463,73.29,
484,95.62,
4940,88.77,
523,104.16,
4734,88.54,
433,104.81,
4975,91.64,
457,104.53,
5240,93.47,
421,106.07,
4749,95.5,
403,106.65,
4099,99.91,
305,105.25,
3683,94.47,
286,106.03,
3656,86.56,
3164,91.25,
2282,88.9,
1605,94.48,
996,88.11,
752,79.51,
739,91.93,
1046,97.19,
2098,100.69,
2949,101.63,
3176,91.38,
365,104.13,
2891,96.05,
310,104.91,
3857,82.53,
411,98.12,
3610,90.98,
368,103.64,
3852,90.61,
340,101.05,
4086,95.03,
402,104.21,
5092,91.64,
430,104.88,
5249,90.71,
475,103.96,
4554,78.44,
467,94.46,
3937,81.05,
448,101.53,
4088,87.92,
414,103.5,
4162,90.24,
392,102.84,
4430,90.05,
461,103.33,
4235,86.57,
403,103.11,
4586,96.63,
3987,100.69,
2662,105.74,
1658,106.2,
1021,102.72,
734,101.73,
830,99.6,
1750,98.75,
4053,66.64,
5412,82.33,
4548,87.12,
868,102.25,
4668,91.73,
485,103.48,
4363,85.82,
392,100.48,
4019,77.69,
433,100.66,
3826,24.39,
363,86.72,
4070,69.67,
366,97.99,
4530,89.38,
366,105.29,
4542,90.97,
372,104.59,
4423,79.22,
381,100.56,
4355,87.71,
353,103.66,
3990,91.62,
313,105.17,
4159,84.92,
391,101.62,
3821,81.82,
386,100.77,
3386,80.6,
411,97.33,
3262,92.59,
2539,97.56,
1943,91.91,
1465,98.06,
1011,97.91,
784,98.4,
746,98.46,
1131,99.62,
2867,101.49,
5613,100.32,
5645,87.48,
661,104.81,
5416,91.29,
418,103.76,
5266,84.79,
399,105,
4886,73.93,
344,100.88,
4956,89.6,
398,104.27,
4651,95.35,
346,106.63,
5470,92.42,
349,105.14,
5279,90.69,
375,106.6,
5098,93.08,
372,104.94,
4309,92.36,
336,104.05,
4884,93.53,
384,106.7,
4779,93.87,
418,105.33,
4243,93.62,
401,102.08,
3510,94.9,
332,104.13,
3704,98,
2941,100.5,
2262,102.77,
1543,104,
1055,102.9,
801,102.14,
815,102.22,
1278,103.73,
3242,105.04,
5913,102.56,
5652,88.52,
688,105.14,
5528,93.03,
428,105.69,
5456,89.58,
392,101.45,
5360,89.43,
402,104.63,
5173,83.59,
410,104.31,
4708,94.18,
329,105.11,
4499,79.26,
401,97.18,
4306,84.29,
399,102.48,
4813,89.86,
387,103.18,
5008,92.84,
335,106.54,
4937,95.74,
336,106.57,
4723,94.96,
366,106.93,
4266,91.62,
405,103.93,
3611,93.41,
318,104.54,
3645,98.56,
2918,101.77,
2153,99.22,
1732,90.61,
1157,90.82,
822,89.62,
728,84.73,
923,79.66,
2037,77.27,
4170,66.64,
3674,73.56,
649,93.34,
4375,85.18,
434,100.64,
3666,84.22,
361,101.05,
3831,79.61,
384,98.64,
4100,63.47,
357,100.97,
4399,87.86,
346,104.25,
4990,90.38,
317,104.78,
4961,93.61,
293,105.03,
4726,94.65,
320,105.96,
4797,94.83,
322,102.81,
4831,97.33,
302,106.88,
4570,95.78,
351,105.03,
4022,94.56,
397,104.96,
3307,94.61,
320,104.92,
3482,98.14,
2866,100.65,
2175,103.44,
1523,103.2,
1047,102.93,
833,102.93,
779,103.14,
1155,102.11,
2814,103.86,
5311,100.38,
5662,91.76,
678,102.61,
5465,93.69,
422,104.65,
4994,92.2,
353,105.48,
5093,87.44,
437,102.94,
5368,89.45,
411,105.09,
5205,91.3,
368,103.84,
5203,89.59,
367,106.56,
5045,83.57,
402,102.54,
5231,89.23,
380,105,
5397,90.92,
436,107.18,
5178,93.12,
369,104.39,
5032,92.91,
441,103.69,
4633,91.72,
490,105.25,
4663,86.48,
498,102.67,
4471,96.6,
3895,99.91,
2669,103.93,
2088,104.45,
1358,106.19,
1135,104.99,
953,105.19,
1282,105,
3224,108.26,
4816,103,
4456,91.18,
476,103.82,
4162,86.97,
376,99.96,
4743,91.76,
417,104.72,
4944,90.3,
384,104.73,
4852,90.9,
360,103.51,
4900,88.03,
400,103.64,
4592,90.14,
379,104.69,
4952,92.74,
390,106.78,
5189,88.72,
460,104.25,
5065,91.38,
426,106.25,
5060,90.32,
416,108.67,
4390,86,
399,102.13,
3645,80.43,
427,100.35,
3254,83.53,
319,101.4,
3380,90.03,
2897,88.81,
2069,98.57,
1332,105.05,
898,106.61,
591,92.58,
562,95.82,
653,98.29,
1293,98.41,
1853,94.53,
2081,75.28,
303,94.02,
2000,76.37,
291,94.41,
2282,82.28,
303,95.35,
2818,80.46,
312,99.37,
3254,85.46,
349,102.55,
3368,90.84,
386,102.3,
3613,85.18,
390,102.28,
4285,91.9,
370,103.88,
5048,91.36,
376,104.04,
4865,89.56,
383,104.15,
4820,93.98,
361,106.58,
4229,100.05,
337,108.32,
3925,97.4,
344,106.86,
3975,93.02,
337,104.15,
4041,102.2,
3553,105.38,
2366,107.77,
1418,105.33,
884,102.84,
678,103.82,
789,104.13,
1777,106.5,
4791,102.45,
6502,93.88,
5703,86.51,
834,104.41,
5797,89.08,
477,103.29,
5573,88.46,
379,102.78,
5533,87.07,
415,103.63,
5421,82.66,
412,106.74,
4019,29.93,
351,85.09,
3531,68.01,
305,100.36,
4845,86.32,
370,101.9,
4551,83.4,
375,101.69,
3794,76.43,
431,95.06,
4335,74.68,
401,97.83,
4286,85.27,
359,102.67,
3882,86.2,
416,104.32,
3799,84.91,
394,101.17,
3259,95.53,
2578,91.08,
1957,89.3,
1470,91.03,
1086,93.72,
823,92.86,
736,91.53,
1116,94.23,
2724,97.68,
5066,95.16,
5080,76.54,
738,96.79,
5120,48.57,
483,89.72,
4607,86,
371,99.87,
4831,84.43,
403,101.46,
4861,86.65,
407,103.54,
5167,89.58,
375,105.52,
5260,88.51,
354,106.35,
5002,93.31,
316,107.46,
5124,91.94,
320,105.73,
5230,94.31,
335,107.53,
4881,93.39,
375,107.07,
4703,88.52,
384,104.84,
3998,86.67,
425,103.32,
3746,89.81,
355,104.65,
3406,97.96,
2891,100.76,
2246,105.59,
1650,105.13,
1132,103.07,
792,100.64,
780,98.6,
1313,105.29,
3725,105.75,
6402,99.41,
5969,89.23,
709,104.66,
5871,88.58,
501,105.19,
5307,88.72,
410,105.74,
4897,90.97,
455,104.82,
5311,89.3,
438,104.92,
5234,88.24,
457,104.96,
5125,88.32,
378,103.52,
5157,90.55,
354,105.16,
5033,81.75,
383,102.54,
5010,87.72,
354,102.89,
4811,92.25,
346,106.27,
4571,91.6,
369,104.6,
4255,90.43,
399,105.29,
4248,87.6,
457,103.45,
4017,95.56,
3219,100.06,
2601,103.15,
1717,104.31,
1258,103.72,
854,100.11,
824,99.1,
1374,102.12,
3884,103.73,
6776,97.53,
5938,87.83,
749,103.88,
5805,89.53,
517,104.33,
5446,87.98,
435,103.15,
5356,87,
474,104.54,
5325,87.15,
430,104.33,
5296,86.64,
393,103.42,
5282,87.22,
390,103.67,
5120,91.19,
368,103.95,
5116,92.18,
337,104.06,
5314,90.8,
410,105.41,
5133,93.81,
322,107.39,
4800,91.11,
394,105.56,
4206,87.8,
440,104.02,
4508,85.95,
469,102.86,
4407,94.76,
3547,99.91,
2607,103.14,
1850,104.03,
1282,103.67,
941,101.59,
862,101.2,
1391,102.23,
3546,103.59,
6449,99.76,
5926,84.96,
746,103.03,
5655,86.87,
517,103.08,
5513,86.85,
457,104.93,
5332,87.19,
490,102.8,
5294,86.03,
500,104.67,
5217,86.91,
470,104.12,
5180,80.25,
468,103.68,
5254,85.97,
457,104.35,
5264,76.09,
541,98.44,
5314,78.91,
524,100.99,
5367,87.36,
490,104.24,
5336,90.33,
480,105.12,
4878,85.72,
601,104.74,
4808,83.47,
603,102.23,
5614,88.12,
4777,94.66,
3590,102.62,
2558,104.99,
1738,103.09,
1242,105.23,
1259,103.22,
1837,99.85,
3660,81.28,
5441,87.12,
4105,68.86,
731,88.26,
3947,27.18,
655,76.11,
3596,23.34,
608,79.93,
3643,33.74,
572,82.57,
3946,41.93,
500,89.34,
4318,31.33,
480,91.96,
4128,74.77,
443,102,
4614,94.25,
478,104.98,
4105,93.95,
433,104.49,
4550,95.27,
406,105.42,
4433,96.43,
424,107.17,
4600,97.38,
424,104.84,
3774,97.52,
337,105.18,
3464,95.04,
256,103.16,
3775,99.67,
3137,102.93,
2182,107.36,
1437,108.65,
968,108.05,
671,109.13,
618,107.38,
970,107.98,
2341,110.96,
3311,110.35,
3325,103.6,
318,107.07,
3665,100.32,
249,105.92,
4742,95.42,
288,105.37,
5154,92.45,
323,102.96,
5375,94.13,
366,104.11,
5165,95.73,
428,107.27,
4963,96.26,
372,104.86,
5170,93.19,
407,104.54,
5030,94.1,
408,106.17,
5232,93.01,
371,106.01,
5056,96.83,
350,106.89,
4787,97.32,
355,105.1,
4151,96.59,
320,105.7,
4048,91.07,
295,104.94,
4643,96.69,
3973,99.79,
2897,104.44,
1920,105.92,
1362,104.9,
916,104.49,
891,105.14,
1723,107.28,
4233,104.54,
5935,102.52,
4777,96.49,
363,104.53,
4566,95.99,
274,105.85,
5070,93.01,
314,104.38,
5388,90.23,
343,103.65,
5300,90.16,
386,104.37,
4884,93.68,
354,105.14,
5120,92.94,
303,105.85,
5395,91.19,
358,105.99,
5260,92.31,
345,105.93,
5248,91.78,
339,106.57,
4960,94.78,
338,107.17,
4816,95.55,
360,105.73,
4387,95.28,
339,105.33,
4267,90.79,
331,105.17,
4823,96.93,
3921,100.64,
2655,104.21,
1755,104.96,
1080,105.76,
812,102.74,
911,102.51,
1735,104.65,
4824,101.36,
7123,95.47,
5753,86.68,
775,105.14,
5473,91.32,
573,104.5,
5276,90.56,
400,103.58,
5240,90.63,
435,104.34,
5250,89.41,
392,104.5,
5280,89.65,
417,107.06,
5351,88.58,
388,104.9,
5217,90.92,
367,104.86,
5157,91.83,
352,107.97,
5081,92.44,
365,107.92,
4934,94.2,
641,107.02,
4781,93.85,
400,106.13,
4276,90.83,
415,106.02,
3682,91.2,
375,103.73,
4442,94.23,
3006,99.93,
2327,101.58,
1639,102.45,
1107,100.95,
907,100.91,
916,99.37,
1473,101.86,
3955,102.12,
6627,97.79,
5847,87.17,
744,105.13,
5673,90.23,
539,105.03,
5440,85.13,
446,101.97,
4923,48.68,
422,96.27,
4998,89.93,
390,105.91,
4912,91.62,
371,104.32,
5123,87.64,
376,103.58,
5282,89.47,
393,105.87,
5114,89.63,
348,104.6,
5110,92.1,
350,106.35,
4965,91.65,
565,107.08,
4794,91.41,
375,105.54,
4387,89.88,
421,103.68,
4158,88.29,
428,104.99,
3796,97.78,
2957,100.74,
2231,103.63,
1637,103.77,
1089,99.82,
829,99.09,
867,99.83,
1433,100.91,
4006,102.94,
6562,97.96,
5605,88.44,
780,104.81,
5821,88.72,
524,103.07,
5468,88.47,
419,105.31,
5573,85.35,
400,104.53,
5100,88.87,
445,104.25,
5097,89.09,
408,104,
5199,89.41,
384,104.61,
5120,91.27,
382,105.56,
4987,92.57,
340,104.63,
5091,94.38,
362,105.63,
4952,93.58,
357,107.42,
4677,93,
362,105.25,
4201,87.84,
435,104.68,
4138,89.41,
397,103.9,
3796,97.85,
2917,100.77,
2293,104,
1598,102.37,
1151,101.73,
907,100.54,
840,98.35,
1427,101.76,
3733,102.62,
6575,92.88,
5096,80.5,
815,101.78,
5421,81.05,
540,101.88,
5278,88.86,
375,102.11,
5488,86.63,
445,102.84,
5366,88.11,
404,103.37,
5284,89.34,
393,104.07,
5254,89.05,
425,105.8,
5195,89.13,
386,104.58,
5289,91.62,
387,103.76,
5336,91.35,
375,105.79,
5362,92.83,
415,106.27,
5284,91.69,
412,106.5,
4622,87.41,
525,103.97,
4585,86.63,
466,103.21,
4691,96.03,
3590,99.99,
2696,103.52,
1941,103.62,
1441,102.77,
1020,102.42,
987,100,
1662,97.53,
3782,96.09,
5686,99.59,
4988,92.67,
522,106.23,
4524,95.97,
333,105.21,
5210,94.39,
394,104.63,
5514,91.69,
382,103.72,
5249,92.24,
411,105.12,
4667,78.35,
371,98.05,
3961,69.22,
381,92.65,
4124,92.26,
377,104.79,
5045,95.54,
389,107.49,
5058,93.27,
410,106.48,
4978,91.82,
389,103.3,
3645,81.04,
401,97.93,
3053,87.22,
353,102.18,
2928,81.18,
311,98.45,
3044,96.26,
2563,102.69,
1814,107.18,
1157,109.05,
820,110.45,
585,109.6,
597,109.86,
913,109.12,
2226,113.09,
2981,112.99,
2843,107.38,
263,104.99,
3058,106.11,
265,104.78,
3919,103.31,
310,105.35,
4571,99.99,
310,104.21,
4318,58.19,
269,98.46,
4254,105.14,
267,104.97,
4796,101.89,
309,104.04,
5085,99.32,
327,105.52,
5023,100.19,
281,107.79,
4834,100.73,
313,107.21,
4698,100.65,
501,105.54,
4506,100.83,
326,105.32,
4212,97.64,
361,104.04,
4404,93.51,
319,104.57,
4953,99.46,
4175,102.31,
2808,108.52,
1604,108.33,
1045,106.3,
736,103.84,
959,104.84,
2047,108.24,
4606,105.75,
6806,98.46,
5849,88.8,
881,103.98,
6072,90.03,
524,105.8,
5533,86.78,
440,103.05,
5534,79.25,
378,101.24,
5018,89.41,
342,104.83,
5025,92.19,
308,102.8,
5264,90.03,
355,103.52,
5172,90.05,
362,103.79,
4979,92.55,
388,105.99,
4916,93.88,
324,105.94,
4789,95.29,
367,108.15,
4749,94.18,
384,105.6,
4143,89.66,
383,104.45,
3900,90.12,
380,104.38,
3452,96.57,
2682,100.66,
1944,102.68,
1381,100.73,
1011,99.54,
789,97.39,
831,100.09,
1350,101.4,
3809,100.71,
6658,98.55,
5908,86.66,
719,104.99,
5975,89.14,
494,104.2,
4764,92.21,
423,103.71,
4359,95.11,
397,105.71,
4156,95.14,
371,106.7,
4157,93.94,
381,104.51,
4072,94.78,
371,104.42,
4133,94.64,
366,104.76,
4113,96.08,
338,104.58,
4385,94.93,
371,107.58,
4896,94.6,
307,107.21,
4658,93,
369,106.34,
4148,90.79,
412,105.09,
4035,89.01,
378,103.16,
3539,96.9,
2788,99.99,
2068,101.75,
1508,102.31,
1086,99.39,
770,98.26,
779,98.44,
1297,100.61,
3511,104.68,
6472,100.53,
5848,87.33,
678,105.09,
6068,89.75,
482,103.94,
4616,93,
384,102.46,
4252,94.69,
373,103.67,
4152,94.38,
345,90.24,
3936,95.18,
374,105.47,
4087,95.22,
319,104.92,
4041,96.01,
325,106.01,
4337,96.13,
348,107.58,
4639,92.05,
328,104.2,
4702,95.46,
326,107.68,
4494,94.12,
364,105.03,
3919,84.64,
423,103.34,
3698,91.26,
420,105.08,
3056,98.41,
2303,96.65,
1755,97.72,
1160,96.82,
949,94.66,
595,92.47,
649,91.82,
877,93.33,
2174,96.49,
5110,98.47,
5289,88.47,
646,102.87,
5280,89.01,
427,102.52,
4914,91.01,
350,103.96,
5088,91.42,
321,104.68,
5135,91.99,
308,105.61,
4595,94.22,
286,104.54,
4554,94.3,
287,105.2,
4527,93.29,
318,104.35,
4663,95.42,
282,103.54,
4757,96.09,
301,105.85,
4779,97.41,
299,106.11,
4514,95.43,
373,105.12,
3824,91.91,
376,103.16,
2925,89.73,
310,100.75,
3386,90.43,
2708,91.87,
1918,93.36,
1501,95.6,
1138,95.73,
762,98.48,
764,97.02,
1367,101.41,
3544,100.74,
5827,98.85,
5920,87.31,
759,105.12,
5941,89.29,
489,103.74,
5521,89.15,
361,102.16,
5291,90.2,
407,104.12,
5167,92.25,
360,104.12,
5262,90.45,
354,106.42,
5222,89.99,
337,104.73,
5124,91.32,
359,106.86,
5023,92.85,
360,106.23,
5321,90.88,
376,105.8,
5231,94.94,
381,105.7,
5190,91.64,
432,105.78,
4648,87.16,
464,105.75,
4705,87.04,
467,101.5,
4718,95.01,
3400,102.48,
2544,104.46,
1883,95.77,
1427,97.11,
1050,97.32,
1003,99.79,
1540,102.47,
3473,104.08,
5085,103.73,
3782,99.34,
371,105.75,
3496,100.88,
293,105.89,
4443,91.34,
354,104.24,
5135,88.54,
400,104.5,
5091,90.7,
351,107.95,
5097,95.3,
338,106.55,
4531,95.29,
349,106.56,
4695,90.85,
366,104.36,
4417,85.25,
379,101.67,
4703,88.91,
409,103.34,
4601,89.22,
382,102.88,
4235,96.07,
355,104.75,
3369,84.24,
355,101.13,
3019,92.79,
255,102.51,
3052,100.07,
2529,103.61,
1724,107.01,
1317,107.11,
833,106.38,
622,104.69,
568,104.69,
874,104.02,
1989,105.63,
2820,110.58,
2548,108.37,
278,105.73,
2606,106.13,
222,104.48,
3395,103.54,
255,103.37,
4238,101.94,
273,106.9,
4591,100.61,
262,106.26,
4637,101.18,
294,107.87,
4874,100.17,
316,106.16,
5105,98.77,
313,106.04,
5341,98.71,
312,105.96,
5220,99.08,
331,106.87,
4893,99.53,
281,106.35,
4349,102.51,
276,105.21,
4173,91.52,
340,103.51,
4274,88.26,
325,103.55,
4881,96.85,
4124,101.7,
2536,107.15,
1421,108.26,
984,107.35,
704,104.15,
925,105.25,
2050,109.18,
5472,102.28,
6767,97.82,
5842,77.06,
848,101.2,
5884,68.07,
520,94.82,
4966,92.37,
389,103.88,
4570,95.24,
377,106.04,
4492,95.54,
379,104.32,
4375,94.1,
352,107.25,
4410,92.94,
348,104.1,
4540,94.47,
331,105.81,
4245,94.96,
366,107.23,
4464,94.66,
343,104.36,
4652,96.29,
384,111.36,
4673,93.42,
392,104.55,
4089,88.11,
417,104.06,
3920,90.87,
387,103.69,
3637,97.63,
2519,100.34,
141,98.28,
1377,94.6,
981,97.12,
738,97.59,
676,96.94,
1194,99.66,
3135,106.3,
5662,98.84,
5455,88.05,
402,104.62,
5231,89.77,
262,105.3,
5035,89.31,
263,101.37,
4915,87.35,
228,103.91,
4966,87.34,
238,105.43,
4765,90.99,
250,102.74,
4821,92.04,
198,104.93,
4631,92.65,
231,104.48,
4347,94.49,
224,105.61,
4483,93.71,
235,105.43,
4548,92.25,
211,108.27,
4102,97.09,
249,104.83,
3228,98,
230,107.1,
3326,90.64,
188,105.28,
3000,98.08,
2467,102.09,
2040,104.01,
1378,104.48,
1000,104.12,
729,101.39,
722,99.71,
1139,103.2,
3148,106,
5697,100.59,
5430,90.75,
422,105.83,
5178,92.35,
289,104.25,
4893,89.9,
253,103.88,
4731,89.08,
241,104.03,
4718,90.02,
260,105.17,
4889,88.55,
223,106.88,
4666,89.55,
209,103.83,
4111,94.5,
214,106.21,
4477,92.35,
223,105.61,
4496,92.88,
237,103.97,
4512,94.12,
224,108.27,
4160,95.18,
210,107.28,
3900,94.1,
242,105.25,
3374,92.07,
200,104.4,
3309,97.05,
2740,100.12,
2041,104.13,
1463,105.28,
1109,105.18,
734,101.21,
744,102.42,
1167,103.18,
2905,106.27,
5522,100.36,
5275,88.69,
420,104.67,
4291,96.18,
270,106.66,
4707,90.43,
266,103.69,
4335,91.91,
262,104.98,
4643,88.73,
253,103.97,
4817,90.1,
259,105.4,
4947,90.22,
276,105.1,
4818,88.94,
268,104.06,
4672,91.54,
234,105.64,
4841,91.68,
281,103.92,
5050,92.03,
248,106.5,
4963,91.44,
308,105.89,
4348,89.8,
328,104.86,
3856,84.77,
347,103.43,
5094,88.9,
3674,98.96,
2845,99.52,
1910,99.62,
1339,99.28,
1037,100.17,
922,102.16,
1474,104.9,
3172,107.66,
5106,102.07,
5321,89.84,
481,104.25,
5217,89.29,
393,104.78,
4799,92.32,
326,104.59,
4723,92.63,
374,105.69,
4844,92.72,
339,106.34,
4698,94.54,
284,105.58,
4856,93.17,
291,104.57,
4676,94.76,
359,106.11,
4971,90.71,
351,105.64,
5026,89.99,
383,104.71,
4992,93.24,
354,106.48,
4682,93.05,
300,105.73,
4300,97.82,
264,104.85,
3468,95.01,
205,105.96,
4003,97.59,
3370,101.01,
2519,106.3,
1550,108.91,
1043,110.19,
736,109.68,
644,109.36,
869,110.85,
1866,116.64,
2869,112.97,
2782,108.19,
264,106.9,
3143,104.96,
194,105.18,
3822,101.39,
229,106.48,
4296,98.75,
246,105.93,
4422,98.96,
250,105.61,
4374,101.25,
221,106.88,
4223,92.49,
280,106.58,
5106,92.23,
276,105.93,
5243,92.36,
296,107.04,
4933,95.03,
288,105.6,
4822,95.42,
291,106.53,
4643,96.34,
303,105.26,
4604,97.75,
314,104.71,
4438,90.97,
269,106.49,
5400,95.16,
4722,98.84,
3113,105.88,
1626,108.04,
1008,106.52,
741,106.53,
824,106.25,
1986,109.26,
5243,103.89,
7082,95.6,
5483,90.47,
550,104.8,
5025,92.5,
294,105.51,
4962,91.46,
264,104.8,
4956,89.26,
236,104.76,
4814,88.17,
226,105.64,
4684,90.26,
248,105.01,
4905,90.79,
215,105.04,
4444,93.94,
241,105.62,
4710,91.16,
213,104.63,
4344,93.93,
231,105.68,
4554,94.07,
206,105.12,
4155,94.84,
230,107.67,
3778,94.18,
225,104.2,
3387,91.99,
179,103.97,
3041,98.38,
2533,99.8,
1813,105.16,
1294,104.19,
976,104.86,
764,101.65,
691,100,
1176,102.34,
3059,104.71,
5555,101.25,
5572,89.07,
396,106.25,
5090,91.54,
256,105.92,
5090,90.72,
258,107.16,
4910,89.15,
230,104.47,
4702,90.47,
221,103.8,
4701,89.49,
227,106.4,
4687,92.46,
204,104.44,
4538,92.3,
238,105.11,
4416,93.22,
183,106.29,
4362,93.56,
218,107.91,
4518,94.42,
208,106.15,
4189,94.72,
206,105.13,
3800,94.2,
238,105.03,
3165,93.66,
182,103.67,
3003,98.65,
2551,101.17,
1933,105.36,
1362,105.25,
997,101.69,
694,101.26,
700,102.33,
1096,102.98,
2906,107.88,
5421,100.97,
5470,89.78,
418,104.33,
5093,90.97,
264,104.24,
4982,87.98,
245,103.3,
4440,89.91,
231,105.47,
4139,91.92,
212,105.36,
4245,92.52,
204,106.83,
4694,90.63,
240,106.47,
4346,92.98,
218,105.96,
3697,97.25,
204,106.1,
4374,92.32,
231,105.56,
4336,94.83,
204,105.95,
4062,94.89,
255,106.66,
3586,95.49,
251,105.52,
3358,91.66,
202,102.77,
3134,98.24,
2628,101.78,
2039,104.43,
1312,104.7,
960,101.83,
706,104.61,
690,100.44,
1119,102.83,
3010,107.35,
5632,100.03,
5450,89.32,
403,104.89,
5174,89.4,
269,103.65,
5065,85.4,
274,102.47,
4905,85.98,
240,105.31,
5011,83.99,
254,103.24,
4859,88.09,
225,103.89,
4802,88.9,
213,103.93,
3971,90.78,
410,101.21,
2878,100.51,
214,106.49,
4411,93.91,
223,105.9,
4485,94.3,
221,107.61,
4354,94.43,
201,105.47,
3750,95.43,
245,104.12,
3344,91.43,
190,105.45,
3382,96.42,
2648,101.17,
2105,104.99,
1416,104.45,
999,104.84,
716,102.21,
657,100.27,
1139,102.57,
2471,103.63,
5065,99.47,
5225,87.57,
416,103.52,
4979,92.01,
255,106.97,
4723,90.39,
250,105.21,
4829,89.76,
228,103.58,
4889,91.23,
236,105.54,
4786,91.56,
228,106.29,
4855,92.02,
249,105.33,
4752,91.68,
238,105.9,
4779,93.39,
252,106.17,
4941,92.41,
268,109.06,
4964,92.36,
304,105.53,
4785,91.9,
275,105.94,
4245,92.76,
334,105.56,
4074,88.55,
347,104.77,
4767,94.45,
3531,101,
2716,104.46,
1933,105.76,
1342,105.42,
982,107.32,
927,105.28,
1382,106.09,
3251,111.25,
4916,103.89,
5273,90.39,
429,105.29,
4929,91.58,
336,104.5,
4983,90.14,
364,104.77,
4843,91.49,
338,104.95,
4890,93.22,
333,106.76,
4699,94.01,
288,107.15,
4806,94.76,
303,105.53,
5112,90.61,
320,106.9,
4842,87.75,
372,105.56,
5144,87.37,
315,106.64,
5159,92.28,
338,107.96,
4602,96.53,
307,106.48,
4299,96.48,
297,105.86,
3602,94.67,
205,105.42,
3953,97.82,
3331,102.06,
2422,106.82,
1503,110.48,
936,110.85,
684,111.24,
588,109.58,
847,111.48,
1762,118.08,
2699,114.14,
2743,108.41,
281,107,
3139,106.04,
201,105.69,
3667,102.32,
227,109.25,
4313,99.69,
229,104.93,
4370,98.49,
203,105.68,
4512,99.54,
235,106.14,
4741,97.94,
246,105.48,
4752,94.56,
285,106.32,
4522,90.37,
314,105.18,
4583,88.35,
297,103.3,
4436,89.51,
265,104.28,
4384,90.5,
304,103.36,
4223,89.79,
321,103.09,
4285,81.6,
286,101.62,
4863,89.96,
4274,95.43,
2811,101.28,
1615,97.53,
900,92.68,
670,90.11,
753,93.96,
1480,99.08,
3967,94.72,
6155,86.97,
4998,79.98,
527,99.95,
4649,83.62,
301,102.86,
4225,84.59,
266,97.93,
4306,59.07,
247,98.75,
3890,36.93,
238,94.46,
4101,62.65,
229,96.7,
4047,88.52,
236,105.71,
3955,86.41,
224,105.27,
4124,89.72,
216,103.19,
4148,89.39,
254,104.71,
3953,92.69,
179,108.91,
3721,88.8,
207,102.14,
3247,85.83,
228,102.73,
3094,85.11,
189,102.32,
2850,93.77,
2264,96.95,
1648,99.7,
1148,89.75,
849,90.99,
652,92.68,
668,92.4,
909,96.66,
2343,97.91,
5128,94.68,
5111,87.25,
426,103.58,
5091,90.44,
257,104.64,
4923,90.7,
230,104.23,
4879,90.7,
221,105.4,
4782,90.66,
229,106.19,
4572,91.93,
208,104.68,
4623,94.29,
198,106.04,
4626,92.84,
235,106.31,
4716,93.15,
216,107.05,
4661,94.97,
215,106.71,
4481,95.48,
213,107.55,
4078,95.6,
221,105.91,
3532,91.12,
236,104.55,
3345,90.64,
184,104.16,
2967,99.66,
2477,99.08,
1856,103.3,
1378,100.35,
1052,97.17,
752,99.33,
702,101.07,
1243,102.93,
3207,103.98,
5591,98.06,
5522,88.13,
419,104.16,
5248,91.25,
270,104.08,
5103,87.75,
261,102.86,
4920,87.09,
286,105.23,
4330,88.89,
250,105.79,
3973,95.84,
229,105.83,
4738,89.82,
212,105.39,
4762,90.87,
257,105.91,
4592,92.06,
218,105.94,
4513,92.83,
233,104.71,
4521,93.25,
194,108.01,
4264,92.73,
215,106.36,
3804,93.31,
223,105.17,
3249,91.73,
200,103.42,
3192,97.34,
2592,100.63,
2196,103.25,
1430,104.39,
1072,103.49,
779,101.28,
701,100.14,
1206,103.37,
3191,106.44,
5815,97.88,
5482,87.82,
450,104.12,
5173,89.47,
258,104.67,
4748,73.59,
274,100.7,
3932,93.79,
254,104.65,
3867,97.35,
219,105.71,
3849,96.88,
244,106.92,
3904,95.51,
211,107.79,
3814,95.42,
216,105.28,
3771,96.66,
228,106.77,
3804,97.39,
227,106.24,
4076,96.61,
205,107.4,
4399,91.51,
221,104.72,
3950,93.94,
239,105.51,
3543,90.52,
184,104.58,
3395,98.4,
2813,100.2,
2204,104.65,
1511,103.04,
1032,103.97,
758,99.62,
730,102.33,
1204,101.61,
3092,105.03,
5633,98.98,
5500,87.24,
432,104.13,
5140,89.68,
288,103.47,
4970,87.15,
265,103.3,
4940,87.36,
253,105.16,
4758,90.23,
258,105.36,
4837,88.44,
257,104.3,
4703,90.57,
253,105.08,
4781,90.36,
271,105.8,
4687,91.45,
239,106.6,
5056,90.78,
291,105.19,
4893,91.3,
286,106.47,
4786,93.13,
280,106.5,
4589,91.53,
342,106.01,
4218,87.35,
325,104.52,
5000,93.39,
3629,100,
2735,103.34,
2000,103.17,
1406,104.43,
990,104.5,
960,102.54,
1388,104.77,
3105,108.15,
5162,102.75,
5476,88.61,
472,104.37,
4803,94.28,
373,104.36,
4866,93.74,
362,105.07,
4817,92.87,
337,105.4,
4789,92.3,
327,104.86,
4589,94.72,
283,106.52,
4846,94.28,
286,107.76,
4977,90.43,
338,104.2,
4925,88.59,
339,107.84,
4823,88.45,
360,103.79,
5028,90.76,
297,106.34,
4603,94.39,
310,106.27,
4281,95.94,
271,105.79,
3547,91.95,
194,104.73,
3982,97.21,
3508,99.82,
2455,106.34,
1540,108.23,
988,111.31,
703,113.64,
614,109.31,
811,109.09,
1381,111.05,
2020,92.19,
2189,90.14,
214,101.34,
2466,92.81,
202,103.34,
3299,99.54,
229,106.28,
3994,100.31,
226,106.75,
4369,100.99,
234,106.95,
4330,102.86,
186,106.73,
4741,100.15,
227,105.7,
4564,99.2,
286,106.87,
5051,92.51,
274,106.41,
4872,93.01,
303,105.69,
4682,98.97,
256,105.98,
4324,99.73,
258,104.28,
4336,99.06,
320,104.7,
4308,90.87,
233,103.8,
5002,97.71,
4168,102.28,
2526,107.41,
1455,108.21,
938,106.59,
691,102.02,
785,100.4,
1615,106.15,
4244,100.76,
6790,93.42,
5438,86.2,
498,101.34,
4676,85.42,
276,102.15,
4532,87.71,
264,103.1,
4451,86.32,
256,103.6,
4732,88.87,
241,103.14,
4713,91.65,
230,105.39,
4736,92.85,
215,105.18,
4550,91.76,
228,105.8,
4759,91.12,
219,106.34,
4697,93.16,
244,105.23,
4339,95.87,
253,107.78,
4182,94.11,
193,106.46,
3709,94.55,
241,105.09,
2875,95.69,
180,105.16,
2960,99.09,
2332,102.74,
1815,103.55,
1228,102.51,
962,103.93,
767,102.31,
703,103.48,
1267,104.15,
3249,107.34,
5919,98.65,
5537,88.08,
397,105.67,
5200,91.3,
231,105.47,
4242,95,
228,105.95,
3930,97.35,
249,106.2,
3864,96.69,
230,105.45,
3773,96.17,
213,105.95,
3967,95.15,
198,106.36,
3770,95.28,
228,104.15,
3910,96.79,
221,105.79,
3888,97.21,
201,105.96,
4475,94.68,
219,105.71,
4391,95.99,
228,107.64,
3803,95.6,
216,105.15,
3428,91.22,
204,103.84,
3095,98.75,
2650,100.82,
1988,104.6,
1362,103.71,
985,102.83,
768,102.71,
703,101.78,
1143,102.07,
2515,97.07,
4180,86.67,
4057,82.95,
418,99.07,
4087,83.73,
312,99.58,
4505,75.12,
285,95.05,
4397,81.21,
288,99.66,
4396,87.23,
266,104.93,
4318,87.19,
241,103.56,
4444,83.33,
243,104.17,
4039,84.81,
272,103.26,
4082,86.92,
226,102.59,
4260,90.66,
238,106.06,
4332,93.93,
199,107.23,
4092,95.93,
217,102.09,
3704,94.31,
239,103.32,
3148,93.31,
179,105.45,
3029,100.87,
2517,102.57,
1971,106.07,
1291,104.15,
947,104.22,
726,102.35,
672,101.57,
959,101.58,
2420,107.08,
4837,97.45,
5145,82.24,
424,104.14,
4750,87.16,
283,104.61,
4743,84.88,
277,104.72,
4576,83.46,
266,100.79,
4551,84.16,
251,103.84,
4370,86.64,
231,102,
4288,86.88,
207,105.45,
3748,82.84,
243,98.95,
3353,80.2,
224,98.73,
3413,82.27,
221,100.27,
3373,82.93,
203,101.87,
3388,79.43,
253,101.01,
3078,79.22,
248,98.03,
3065,77.92,
220,99.1,
3063,89.72,
2184,92.43,
1801,96.67,
1307,100.52,
915,100.88,
680,100.16,
673,99.34,
953,102.27,
2322,105.98,
5001,101.88,
5095,91.32,
400,105.97,
4857,92.17,
253,106,
4703,92.33,
220,104.91,
4825,87.78,
254,105.73,
4500,92.04,
241,105.41,
4482,88.25,
238,103.08,
4718,90.84,
244,105.55,
4750,91.52,
263,107.4,
4881,89.99,
306,106.47,
4902,89.02,
281,104.22,
4511,91.4,
306,105.21,
4439,93.77,
276,105.66,
4329,88.21,
333,105.77,
4135,85.58,
343,102.58,
4492,96.04,
3385,99,
2534,103.86,
1901,106.41,
1340,107.06,
1019,106.61,
919,105.81,
1374,106.3,
3003,107.47,
4957,102.49,
4982,93.74,
403,105.31,
4403,96.35,
325,106.57,
4982,92.04,
299,105.5,
4785,91.81,
353,105.27,
4852,91.87,
322,106.91,
4727,93.64,
291,106.18,
4435,96.11,
278,106.1,
5039,91.55,
302,107.03,
4856,89.88,
350,105.66,
5216,88.11,
332,106.74,
4866,93.47,
285,107.09,
4728,94.81,
289,107.47,
4121,97.42,
271,107.64,
3530,94.89,
213,104.62,
3841,98.76,
3180,101.8,
2371,105.5,
1543,110.55,
987,110.91,
703,110.58,
575,111.12,
814,110.76,
1802,115.44,
2891,114.03,
2868,107.45,
252,105.6,
3172,105.56,
211,105.87,
3462,103.88,
196,106.9,
4353,99.13,
237,106.71,
4736,98.07,
215,106.28,
4352,99.64,
224,106.05,
4767,93.56,
244,106.23,
4792,95.32,
283,106.83,
5079,86.7,
295,105.03,
4756,94.47,
280,105.89,
4602,96.35,
270,107.55,
4548,94.85,
293,106.21,
4349,96.29,
304,106.57,
4544,89.04,
265,102.85,
5077,95.88,
4562,98.21,
2929,107.14,
1578,109.95,
996,108.5,
727,104.08,
867,101.75,
1727,105.51,
4663,101.17,
6319,93.44,
5075,86.19,
561,102.28,
4973,90.76,
282,104.79,
4798,90.94,
278,103.45,
4994,85.63,
290,102.69,
4507,84.03,
223,104.14,
4500,87.35,
226,102.31,
4500,87.7,
236,104.39,
4458,92.11,
224,104.6,
4639,93,
230,107.41,
4809,94.34,
215,106.07,
4556,95.73,
179,108.93,
4428,94.21,
231,105.75,
3654,93.69,
204,105.1,
3172,92.56,
190,103.02,
3153,95.66,
2470,101.14,
1719,103.35,
1201,101.41,
903,103.1,
727,100.22,
684,100.41,
992,102.29,
2657,104.94,
5515,99.87,
5283,86.52,
381,105.49,
4604,88.48,
228,103.04,
4655,85.4,
246,104.36,
4567,83.97,
246,103.16,
4605,84.06,
247,102.94,
4494,85.61,
214,104.76,
4636,89.39,
208,107.03,
4246,88.77,
252,105.76,
4167,91.18,
248,105.36,
4382,91.64,
220,103.89,
4469,91.61,
205,107.56,
3893,98.28,
188,105.13,
3658,95.52,
225,103.89,
3515,88.95,
217,105.09,
3111,97.56,
2692,100.49,
1945,97.89,
1361,100.87,
977,101.02,
735,91.5,
666,90.35,
984,83.49,
2206,85.87,
4296,84.84,
4715,75.58,
426,97.69,
4808,80.1,
295,102.43,
4678,84.62,
237,101.73,
4795,84.1,
261,102.81,
4518,84.65,
266,103.25,
4555,89.5,
217,105.32,
4765,89.41,
247,104.55,
4767,89.26,
256,105.17,
4575,91.98,
221,106.63,
4646,92.87,
247,105.27,
4189,94.66,
217,106.94,
3708,86.16,
206,102.89,
3443,86.08,
244,103.94,
3339,84.48,
204,103.11,
3233,86.66,
2494,96.47,
1932,100.76,
1383,101.21,
941,98,
720,96.89,
674,96.49,
1048,96.36,
2581,100.33,
5401,98.16,
5467,85.45,
410,104.03,
5289,88.23,
273,103.58,
4898,84.15,
291,101.45,
4835,88.41,
248,103.45,
4807,89.69,
256,105,
4852,89.7,
251,105.6,
4889,90.57,
229,108.83,
4721,90.85,
253,105.66,
4516,93.17,
198,104.52,
4588,94.64,
212,106.49,
4583,95.68,
230,107.4,
4367,92.63,
217,105.49,
3892,93.38,
249,103.81,
3395,91.93,
195,105.58,
3311,97.67,
2844,100.59,
2075,104.25,
1531,104.23,
1094,105.82,
794,104.65,
737,102.67,
1249,104.87,
3011,104.87,
5584,98.2,
5423,87.88,
431,104.41,
5196,89.57,
305,105.5,
4815,90.03,
268,104.95,
4737,87.42,
302,104.33,
4919,88.35,
287,105.92,
4907,87.71,
325,104.63,
4833,87.23,
281,104.8,
4877,88.43,
316,106.27,
4967,89.14,
311,105.16,
5035,87.57,
380,105.83,
5055,87.23,
351,104.97,
5103,89.86,
351,106.51,
4440,90.17,
361,104.63,
4211,83.91,
388,103.38,
5458,88.08,
4237,96.1,
3494,101.31,
