교통량,평균속도,0010CZS440
1313,98.15,
976,97.7,
800,97.06,
713,96.59,
1226,97.97,
3406,97.85,
5399,81.98,
5039,50.8,
795,82.89,
4490,36.66,
476,90.56,
4495,58.89,
414,88.3,
5127,72.8,
382,87.63,
4570,78.7,
368,95.51,
4539,77.73,
347,93.31,
4282,83.31,
298,86.87,
4256,83.14,
322,97.43,
4209,80.38,
314,99.06,
4208,83.19,
323,99.97,
4762,80.26,
347,98.56,
4623,84.06,
412,102.58,
3903,84.55,
453,99.32,
3178,92.02,
325,103.73,
3528,96.62,
2528,99.54,
1655,101.66,
1190,99.77,
949,100.46,
665,98.81,
741,96.86,
1142,99.28,
2943,99.29,
5939,87.49,
5859,64.01,
778,89.99,
5844,45.03,
491,92.54,
4924,34.8,
390,92.03,
4579,30.13,
405,92.29,
4581,34.55,
376,92.02,
4443,54.04,
338,95.31,
4199,40.4,
327,94.84,
4293,42.84,
363,90.53,
4068,68.49,
517,90.44,
4489,82.27,
307,98.98,
4727,79.86,
354,99.67,
4125,82.21,
453,102.39,
3829,86.05,
418,102.22,
3557,90.84,
343,102.65,
3579,97.07,
2637,101.32,
1794,102.01,
1257,99.97,
964,97.94,
656,98.24,
699,96.59,
1197,98.71,
3292,97.7,
6127,85.2,
5821,62.34,
759,86.95,
5922,46.87,
493,91.05,
5654,68.23,
373,92.62,
5721,75.2,
421,88.25,
5627,67.91,
388,91.53,
5208,78.83,
302,91.81,
5368,78.79,
341,87.97,
5018,78.69,
309,93.25,
5097,77.89,
742,87.16,
5171,79.5,
379,97.5,
4853,80.09,
359,99.31,
4852,81.46,
444,98.51,
4367,84.26,
446,100.9,
3630,88.25,
351,102.77,
3292,97.03,
2531,100.24,
1680,102.18,
1454,102.14,
1019,101.23,
806,99.69,
814,100.3,
1229,101.68,
3445,100.58,
6030,84.33,
5804,57.53,
851,83.08,
5771,54.36,
455,93.24,
5007,49.35,
455,89.18,
4922,50.3,
434,88.39,
5445,52.39,
361,90.52,
4989,79.77,
339,95.51,
5267,77.99,
385,94.62,
5255,74.76,
428,89.7,
5210,74,
822,83.91,
5119,79.35,
421,99.72,
4985,77.25,
492,97.95,
5121,77.47,
486,98.87,
4660,79.49,
559,98.87,
4681,78.24,
538,96.52,
4974,91.37,
3979,96.02,
2470,101.75,
1794,103.95,
1292,104.11,
999,104.06,
927,102.71,
1349,102.19,
3319,100.39,
5742,90.52,
4737,81.33,
522,99.17,
5003,78.39,
366,98.83,
5307,79.08,
403,98.42,
5330,73.41,
393,95.72,
5355,74.97,
434,97.13,
5273,75.2,
366,97.9,
5537,66.86,
428,97.17,
5361,79.31,
392,100.74,
4593,83.33,
360,102.79,
5310,58.82,
438,96.83,
5103,75.55,
407,101.5,
4813,78.64,
447,100.53,
4180,85.59,
362,102.35,
3645,87.9,
281,106.55,
3894,98.24,
3010,102.35,
1858,106.55,
1293,107.48,
854,107.63,
589,105.76,
535,103.32,
680,104.04,
1579,105.93,
2747,102.45,
2875,95.71,
318,104.6,
3144,95.43,
253,102.66,
3910,90.45,
266,102.3,
4640,77.74,
318,101.26,
4832,85.27,
285,101.81,
4909,87.82,
278,97.66,
5213,85.64,
332,98.7,
4946,84.65,
374,103.06,
5314,80.21,
372,103.22,
5135,83.2,
342,103.51,
4832,82.21,
347,100.67,
4681,82.55,
420,101.61,
4573,80.3,
379,103.31,
4583,85.84,
335,105.33,
5373,92.79,
4234,99.89,
2465,106.51,
1253,106.12,
773,104.73,
589,102.16,
761,104.74,
1985,107.98,
5098,87.95,
6104,60.48,
4798,52.27,
884,73.2,
4189,58.49,
467,93.06,
4157,61.22,
379,93.6,
4106,33.25,
453,86.92,
4097,34.74,
412,86.96,
4516,34.24,
397,86.71,
4812,36.27,
330,92.27,
4765,31.72,
371,92.23,
4742,32.01,
364,94.52,
4671,31.67,
365,90.15,
4788,67.77,
333,99.75,
4625,83.48,
413,102.04,
4239,84.78,
459,100.41,
3573,90.21,
350,104,
3582,96.31,
2396,100.57,
1655,100.67,
1261,99.26,
890,97.92,
792,95.45,
744,95.87,
1172,97.8,
3266,97.41,
6129,79.81,
5887,47.24,
811,84.02,
6046,45.69,
444,91.89,
5806,55.31,
377,90.83,
5840,75.41,
418,86.51,
5568,68.05,
426,91.51,
5085,60.05,
361,93.55,
5137,51.14,
346,94.32,
5061,82.42,
308,90.86,
5166,78.17,
777,85.82,
4901,79.45,
390,99.59,
4718,80.71,
341,99.87,
4586,82.08,
395,101.56,
3618,87.94,
410,102.03,
3821,86.98,
398,100.22,
3600,96.3,
2415,98.55,
1622,99.45,
1258,99.48,
925,96.68,
710,96.08,
675,95.84,
1060,97.34,
3182,97.46,
6132,86.66,
5876,57.04,
764,87.36,
5997,50.37,
444,93.57,
5846,66.99,
381,91.16,
5735,76.82,
405,86.11,
5550,72.48,
398,91.03,
5328,80.34,
337,93.12,
5292,80.98,
317,94.37,
5109,78.93,
313,99.3,
5284,80.94,
355,99.22,
4894,81.7,
361,99.29,
4762,82.45,
326,100.89,
4709,83.1,
414,101.55,
4267,84.02,
478,99.74,
3376,90.15,
314,102.12,
3585,95.25,
2404,99.42,
1689,101.26,
1280,102.52,
973,100.41,
744,99.56,
705,100.05,
1133,100.25,
3296,100.17,
6119,81.17,
5800,59.5,
815,84.15,
5863,50.36,
484,92.07,
5064,51.54,
438,90.84,
5413,63.91,
410,94.01,
5130,78.23,
350,95.48,
5040,81.08,
311,97,
5152,79.56,
332,99.54,
5023,79.13,
303,98.96,
4863,77.99,
395,98.55,
4770,81.22,
349,98.96,
4777,78.98,
356,99.82,
4485,82.73,
426,100.41,
4093,85.9,
462,101.33,
3533,89.26,
340,100.73,
3620,97.97,
2518,101.13,
1734,103.8,
1367,100.47,
920,98.27,
702,98.07,
611,99.85,
941,100.59,
2901,99,
6031,84.44,
5798,60.51,
833,88.87,
5875,44.7,
493,92.61,
5294,63.16,
364,95.21,
5451,81.47,
337,96.4,
5414,80.82,
332,95.43,
5487,77.08,
316,96.77,
5315,79.85,
330,100.41,
5425,79.49,
351,99.01,
5371,79.14,
374,99.52,
5203,79.41,
392,97.85,
5312,74.88,
406,100.84,
5270,76.92,
433,100.12,
4761,81.27,
519,99.61,
4746,79.96,
496,97.14,
4620,93.76,
3489,97.24,
2244,100.02,
1588,102.1,
1212,100.52,
852,100.75,
856,99.83,
1241,100.39,
2994,99.54,
4831,91.11,
4915,79.07,
526,98.36,
5040,84.68,
327,101.86,
5495,80.98,
395,96.01,
5829,69.51,
459,87.84,
5708,58.86,
464,92.67,
5500,55.35,
398,92.17,
5599,72.59,
374,89.04,
5609,68.04,
400,94.6,
5527,74.22,
412,96.03,
5395,80.58,
439,100.82,
5137,78.63,
385,100.77,
4850,81.02,
445,102.4,
4087,88.08,
360,104.2,
3273,91.82,
268,104.39,
3747,97.44,
2846,100.13,
1787,104.25,
1179,104.97,
742,105.32,
528,101.8,
435,101.94,
556,103.43,
1121,104.16,
2244,101.47,
2354,87.14,
315,101.56,
2712,81.28,
281,96.06,
3320,82.84,
278,98.29,
4220,82.32,
338,98.8,
4228,74.36,
315,98.59,
4609,79.3,
318,97.02,
4907,78.33,
382,99.21,
5107,75.89,
406,98.37,
5286,77.8,
370,101.4,
5145,81.35,
328,101.01,
4837,78.98,
343,100.63,
4204,83.93,
361,104.39,
4184,85.85,
366,105.52,
4024,86.86,
329,103.76,
4773,94.4,
3392,100.66,
1951,103.57,
1264,102.05,
816,99.64,
669,97.65,
726,99.06,
1705,101.99,
4859,93.45,
6921,56.47,
5156,37.15,
876,62.18,
5522,42.88,
413,94.32,
5389,78.99,
327,98.71,
5585,80.26,
370,81.51,
5517,76.59,
338,92.45,
4961,82.76,
293,95.81,
5231,80.95,
323,95.17,
4960,82.4,
297,95.35,
5024,78.33,
688,85.71,
4975,81.1,
385,98.84,
4698,81.24,
340,97.96,
4587,82.47,
417,101.71,
4228,84.02,
418,100.48,
3415,90.77,
320,103.88,
3356,96.96,
2241,100.46,
1468,100.76,
1184,98.75,
835,96.81,
756,94.75,
696,94.23,
1063,96.49,
2973,97.11,
5927,86.48,
5532,67.27,
782,89.65,
3952,47.35,
376,95.1,
4435,87.9,
304,101.26,
4932,84.26,
359,87.35,
5127,81.94,
349,94.3,
4734,83.7,
322,94.75,
4656,83.65,
303,94.2,
5014,83.08,
301,94.61,
5045,77.73,
691,85.13,
4829,82.34,
355,99.04,
4762,80.31,
335,101.29,
4591,83.81,
461,99.71,
4201,85.61,
409,102.37,
3298,91.05,
324,104.29,
3257,97.21,
2235,100.44,
1537,100.86,
1151,98.86,
879,97.37,
720,94.32,
716,95.12,
1034,96.31,
2782,96.37,
5760,86.78,
5711,61.32,
780,91.4,
5596,45.68,
427,93.53,
5627,62.62,
337,97.21,
5572,76.16,
367,89.64,
5137,62.04,
303,93.77,
5016,75.95,
336,97.04,
5241,79.76,
359,93.58,
5077,80.13,
300,92.18,
5074,77.55,
736,86.42,
4977,81.59,
387,99.02,
4732,82.42,
353,98.81,
4712,82.94,
402,100.48,
4150,85.67,
423,101.36,
3306,91.24,
311,105.31,
3279,97.56,
2394,100.21,
1590,100.3,
1112,99.23,
911,95.65,
657,94.21,
732,95.04,
1034,96.25,
2948,98.18,
5852,81.64,
5697,49.34,
801,80.18,
5855,55.47,
440,93.02,
5725,74.91,
336,97.41,
5809,66.46,
422,86.82,
5678,70.8,
393,92.4,
5289,79.78,
304,98.85,
5308,81.88,
326,95.37,
5285,72.24,
352,93.34,
5089,81.08,
671,89.22,
5108,80.9,
329,99.05,
4849,81,
359,100.01,
4588,82.9,
396,100,
4172,85.16,
436,101.88,
3582,90.16,
351,102.92,
3677,95.5,
2487,99.83,
1687,100.82,
1234,97.73,
946,93.89,
794,87.89,
729,88.03,
1079,88.44,
2901,86.53,
5620,72.03,
5279,49.24,
832,77.2,
5450,40.02,
519,88.18,
5261,39.91,
433,91.54,
5327,39.61,
464,89.42,
5322,40.23,
390,91.29,
5324,68.24,
350,94.11,
5248,78.95,
356,85.85,
5303,77.44,
365,95.74,
5322,75.96,
648,86.24,
5285,77.7,
412,97.71,
5106,75.91,
437,98.04,
5117,76.25,
516,99.94,
4604,80.2,
507,99.97,
4539,82.8,
423,99.39,
4491,93.65,
3016,97.58,
2008,98.9,
1394,99.65,
1068,97.92,
825,97.02,
759,96.39,
983,97.66,
2186,99.41,
3966,92.73,
4255,81.46,
460,99.79,
4220,85.25,
285,102.77,
5052,84.51,
307,99.98,
5447,82.07,
371,95,
5250,82.2,
332,97.31,
5247,83.19,
355,97.64,
5345,81.32,
378,92.79,
5557,61.19,
388,92.39,
5281,78.19,
632,90.55,
5316,80.73,
390,100.92,
5124,76.25,
380,99.67,
4693,80.14,
397,100.42,
3506,91.23,
292,106.57,
3058,92.3,
281,105.55,
3301,98.42,
2378,101.81,
1490,104.12,
1027,102.47,
733,102.14,
488,101.4,
461,98.78,
526,97.85,
1142,101.75,
2120,99.2,
2524,92.97,
296,105.64,
2760,96.07,
207,104.94,
3824,92.94,
271,100.55,
4734,85.79,
324,95.03,
4890,83.95,
279,100.17,
4890,87.22,
293,99.53,
5429,81.51,
323,95.2,
5360,85.95,
318,97.83,
5423,81.71,
612,90.85,
5202,83.95,
376,102.79,
4926,80.85,
357,101.17,
4399,82.88,
344,103.12,
4334,81.69,
348,104.08,
4282,85.83,
320,106.61,
4776,94.08,
3633,99.96,
2160,103.88,
1406,101.57,
840,98.5,
743,98.73,
843,99.92,
1871,102.53,
5246,89,
6854,64.69,
5577,44.9,
899,77.82,
5724,45.25,
454,93.66,
5486,69.59,
370,92.36,
5575,76.62,
396,91.77,
5561,72.99,
388,91.95,
5422,75.21,
353,95.13,
5284,77.14,
354,97.88,
5067,80.68,
324,98.81,
5187,80.23,
357,97.58,
4985,81.48,
352,97.05,
4813,79.52,
357,99.55,
4750,81.39,
439,101.11,
4256,83.25,
438,101.14,
3575,89.17,
320,102.98,
3605,96.06,
2391,98.55,
1614,98.78,
1177,97.3,
943,94.85,
766,93.99,
747,94.73,
1192,95.19,
3018,91.81,
6021,71.23,
5521,42.35,
860,75.22,
5639,41.11,
553,88.76,
5403,40.03,
450,92.44,
5513,40.26,
444,87.76,
5353,64.69,
375,91.03,
5459,64.13,
407,89.87,
5206,78.46,
332,100.27,
5238,79.01,
351,99.21,
5167,78.35,
300,98.91,
5073,79.98,
358,100.09,
4873,79.85,
311,99.64,
4626,80.58,
413,101.83,
4171,82.53,
416,101.82,
3661,87.66,
335,103.51,
3510,96.33,
2490,97.49,
1608,91.84,
1218,88.74,
849,88.18,
744,86.94,
706,87.46,
1054,91.55,
2982,95.51,
5800,83.71,
5598,56.52,
784,88.78,
5856,43.26,
481,90.81,
5688,49.86,
464,89.83,
5597,40.94,
431,90.15,
5315,76.52,
352,92.83,
5186,76.62,
356,96.77,
5236,78.72,
376,98.09,
5015,78.81,
344,97.79,
5153,79.24,
332,97.73,
5045,78.04,
343,97.08,
4933,78.19,
388,98.88,
4583,81.08,
415,100.62,
4141,82.37,
446,100.81,
3955,84.38,
372,100.51,
3643,96.13,
2343,99.82,
1878,98.56,
1253,97.59,
967,95.45,
755,89.65,
717,90.18,
1061,92.66,
2756,93.97,
5375,82.61,
5303,71,
780,83.22,
5617,72.12,
411,92.45,
5464,75.96,
378,93.33,
5677,75.81,
389,92.55,
5475,73.63,
347,92.02,
5447,74.25,
346,94.66,
5455,78.93,
319,99.37,
5510,72.52,
379,94.35,
5297,71.86,
469,91.43,
5248,77.11,
402,96.84,
5017,78.58,
420,98.09,
4986,76.86,
477,99.64,
4606,80.2,
492,100.09,
4541,79.99,
513,98.56,
4677,90.82,
3374,97.35,
2218,100.56,
1632,98.32,
1151,96.86,
860,96,
749,96.47,
1056,98.17,
2202,98.74,
3450,95.47,
3458,87.41,
321,104.8,
3499,90.4,
231,103.19,
4395,86.73,
248,98.64,
5242,84.75,
311,91.69,
4700,87.29,
312,98.82,
5012,85.64,
299,99.39,
5354,84.18,
315,98.23,
5103,84.7,
273,106.77,
4888,85.51,
628,96.1,
4862,87.11,
328,103.01,
4248,86.87,
285,103.83,
3447,90.38,
279,104.36,
2858,92.13,
268,107,
2834,92.87,
232,106.09,
3022,99.53,
2107,102.39,
1504,103.11,
1125,100.87,
806,99.02,
618,96.54,
569,96.47,
860,97.99,
2161,99.68,
3443,95.86,
3374,87.22,
343,104.3,
3542,91.36,
282,102.74,
4336,87.27,
281,98.95,
4797,83.67,
300,100.85,
5388,79.83,
316,98.83,
5184,86.67,
270,96.84,
5210,79.05,
303,100.88,
5532,82.98,
308,100.86,
5405,82.21,
350,103.49,
5190,83.02,
335,103.14,
4699,84.25,
310,103.85,
3953,87.25,
293,104.74,
3245,92.07,
295,107.09,
2898,95.39,
244,107.54,
3056,100.62,
2101,102.76,
1360,106.53,
975,103.35,
643,102.22,
441,101.77,
408,99.92,
482,101.99,
988,102.81,
2008,99.95,
2293,95,
250,105.45,
2632,98.59,
215,103.13,
3509,94.89,
246,104.47,
4257,89.88,
287,97.34,
4543,85.73,
256,100.93,
4747,86.6,
280,99.56,
5189,84.67,
270,103.66,
5281,83.61,
364,101.71,
5517,84.16,
328,103.63,
5304,80.25,
338,100.82,
4557,86.26,
299,102.83,
4291,83.38,
345,104.22,
4126,86.96,
334,105.37,
4307,85.19,
297,106.7,
4505,98,
3272,101.11,
2056,104,
1260,102.3,
867,100.71,
632,99.87,
791,100.32,
1760,102.56,
4930,91.73,
6949,58.63,
5538,41.67,
871,75.02,
5296,66.69,
456,94.64,
5173,79.75,
376,96.51,
5657,67.32,
380,93.12,
5465,77.88,
334,95.52,
5291,80.34,
315,92.98,
4328,40.22,
385,85.61,
5012,79.53,
294,98.8,
5095,80.25,
368,101.41,
4990,81.49,
329,99.84,
4885,80.26,
349,100.19,
4553,81.95,
423,100.79,
4187,84.36,
425,101.52,
3440,90.59,
283,105.65,
3390,96.81,
2470,98.2,
1643,99.89,
1303,96.21,
966,95.19,
768,92.48,
843,92.6,
1107,93,
3069,93,
5684,75.4,
5370,43.6,
766,77.84,
5616,40.84,
490,91.09,
5420,64.13,
406,95.45,
5560,72.41,
371,95.98,
5498,49.6,
392,90.28,
5420,47.38,
417,93.06,
5171,78.08,
321,98.34,
4780,76.69,
338,97.21,
5006,75,
370,96.08,
4789,77.57,
310,97,
4639,75.53,
343,95.41,
4565,77.56,
413,100.17,
4221,79.1,
443,101.58,
3406,88.72,
330,103.05,
3417,95.34,
2365,98.41,
1577,99.17,
1205,96.74,
881,94.6,
690,93.27,
705,93.86,
1016,93.19,
2628,95.76,
5173,85.42,
5474,71.12,
771,88.81,
5347,78.19,
377,98.37,
5398,79.23,
275,99.84,
5712,71.43,
347,90.53,
5452,73.23,
337,93.03,
5180,77.64,
321,95.98,
5086,76.46,
332,95.88,
5257,76.94,
347,97.39,
5181,77.09,
664,88.83,
4873,80.35,
382,97.17,
4768,78.62,
375,99.4,
4747,78.61,
420,99.93,
4174,82.27,
437,100.34,
3629,87.8,
330,103.91,
3475,95.71,
2568,99.29,
1682,100.69,
1270,96.94,
943,94.96,
706,93.18,
677,94.07,
886,94.68,
2133,97.28,
4376,91.21,
4923,76.11,
742,92.63,
4630,83.34,
360,99.62,
4545,82.92,
293,99.67,
5468,75.55,
365,89.97,
5573,54.37,
341,91.64,
5542,75.44,
332,95.79,
5519,58.33,
355,94.59,
5494,47.33,
436,93.35,
5364,55.77,
429,94.85,
5311,76.55,
470,97.06,
5184,74.68,
397,98.05,
4954,76.15,
501,100.2,
4659,77.97,
559,97.37,
4192,84.45,
442,102.32,
4215,92.52,
2970,97.56,
1845,101.76,
1852,102.69,
1296,103.65,
954,101.45,
816,100.11,
991,100.18,
2148,100.86,
3215,95.75,
3316,86.61,
392,100.06,
3545,82.41,
337,98.03,
4274,80.53,
382,97.27,
5030,78.45,
391,97.6,
5306,78.06,
339,98.06,
5225,79.38,
345,98.89,
4955,79.65,
351,97.6,
4977,72.99,
421,96.97,
4784,57.4,
480,89.1,
5001,55.25,
535,90.76,
4779,74.57,
451,95.35,
4792,74.95,
481,99.07,
4807,78.22,
497,100.65,
4637,80.72,
381,104.36,
5401,88.04,
4420,93.53,
2847,99,
1703,100.22,
1103,103.36,
811,102.43,
975,103.59,
2231,102.03,
5655,87.74,
6757,52.96,
5830,47.08,
895,81.03,
5847,45.23,
611,89.03,
5866,41.36,
459,81.71,
5705,43.85,
502,85.49,
5437,61.47,
405,92.06,
4664,38.6,
400,81.86,
5047,80.01,
311,95.82,
5302,77.37,
352,92.73,
5137,78.69,
514,91.07,
5234,79.44,
434,93.73,
5054,78.62,
360,98.77,
4799,80.62,
421,98.86,
4413,82.53,
449,100.81,
4025,85.72,
376,100.99,
3570,94.8,
2884,93.07,
2121,90.84,
1669,85.58,
1177,82.36,
978,85.54,
987,91.6,
1499,92.49,
3901,93.02,
6395,82.93,
5935,48.36,
772,86.6,
5922,42.75,
573,90.27,
5747,40.1,
461,83.92,
5183,40.61,
434,88.14,
4870,31.12,
441,83.65,
5003,77.85,
336,92.01,
5223,79.84,
337,91.88,
5054,80.34,
372,95.11,
4940,81.54,
443,94.93,
5028,80.96,
510,93.79,
4936,78.98,
332,98.7,
4951,80.5,
428,101.85,
4270,83.56,
469,100.68,
4077,84.66,
364,98.84,
3753,94.79,
2947,97.35,
2053,100.3,
1612,99.89,
1183,98.63,
884,97.1,
864,97.17,
1338,97.49,
3627,95.78,
6432,80.79,
6094,56.24,
811,86.69,
6155,43.83,
523,91.38,
5964,49.1,
488,84.29,
5621,71.2,
449,88.69,
5636,73.29,
415,91.73,
5237,76.63,
368,91.92,
5299,79.43,
321,96.58,
5172,80.31,
315,94.67,
5244,75.76,
604,88.47,
5119,56.67,
560,83.08,
5083,74.75,
357,98.4,
4862,79.92,
426,100.67,
4392,83.78,
472,101.9,
4169,84.08,
401,99.5,
3753,93.09,
2965,97.36,
2316,98.81,
1654,99.77,
1152,98.87,
957,97.61,
911,97.61,
1350,97.83,
3564,95.82,
6381,77.7,
5899,43.85,
829,81.92,
5937,43.08,
581,88.24,
5882,41.41,
467,85.18,
5683,45.94,
505,85.08,
5624,40.31,
444,88.64,
5402,42.32,
445,87.15,
5457,61.64,
384,83.21,
5035,80.42,
348,96.65,
5336,76.87,
364,95.96,
5319,78.69,
382,96.78,
5095,78.02,
389,97.34,
4841,79.94,
464,99.33,
4387,81.98,
486,99.04,
4147,85.06,
375,100.27,
3976,93.48,
3136,96.52,
2348,100.32,
1882,101.12,
1322,101.25,
950,99.84,
905,97.43,
1449,98.48,
3692,96.09,
6389,77.97,
5818,43.92,
807,79.21,
5668,66.43,
530,94.65,
5593,40.97,
465,93.21,
5595,41.62,
455,91.9,
5481,40.12,
433,91.03,
5381,72.85,
418,97.44,
5409,74.02,
373,97.22,
5354,76.04,
383,96.43,
5487,67.23,
438,93.48,
5473,76.32,
479,97.21,
5200,76.28,
429,96.67,
5325,74.45,
517,97.68,
4930,77.95,
553,98.55,
4771,78.92,
504,97.21,
4919,89.21,
4061,94.88,
3258,97.51,
2279,101.47,
1672,102.67,
1284,102.56,
1244,100.4,
1818,100.91,
4198,95.57,
6197,81.41,
5545,46.94,
858,84.01,
5004,82.53,
594,97.68,
5311,79.54,
556,95.79,
5308,79.99,
498,95.95,
5520,76.76,
469,95.64,
5494,75.01,
476,90.88,
5513,78.36,
465,93.45,
5616,62.07,
481,94.8,
5347,40.49,
506,91.52,
5296,61.74,
500,94.84,
5423,61.75,
520,95.26,
5106,68.56,
493,98.98,
4825,79.53,
460,96.85,
4378,83.92,
365,102.17,
4438,92.24,
3516,98.58,
2469,102.07,
1747,105.12,
1148,107.19,
787,106.09,
779,105.49,
966,105.58,
2357,103.97,
3789,97.26,
3907,90.95,
428,103.17,
4273,90.23,
336,101,
5160,86.4,
366,92.64,
5487,83.53,
368,93.73,
5584,77.12,
371,95.57,
5373,78.43,
334,96.54,
5572,81.78,
364,97.73,
5383,76.39,
399,95.17,
5262,50.69,
683,67.99,
5335,75.85,
618,91.98,
5305,74.96,
466,96.67,
5109,76.88,
494,97.62,
5046,79.39,
458,100.44,
5162,78.79,
425,100.72,
5738,88.01,
4932,92.5,
3070,102.01,
1874,103.53,
1129,103.57,
843,100.84,
1040,101.12,
2293,103.12,
5748,85.58,
6869,55.12,
5873,46.24,
875,79.41,
6014,46.82,
657,86.96,
5854,53.1,
494,86.04,
5657,41.52,
490,86.03,
5568,41,
441,88.87,
5103,71.65,
350,90.65,
5286,79.33,
383,96.04,
5331,77.6,
415,97.94,
5335,78.32,
339,98.48,
5206,79.04,
355,98.44,
4930,77.59,
339,98.46,
4871,79.43,
407,100.12,
4338,82.51,
451,99.82,
4012,86.1,
366,102.09,
3717,95.06,
2862,97.81,
2196,99.88,
1549,100.23,
1169,98.84,
894,97.13,
846,95.91,
1420,97.66,
3681,95.47,
6430,73.84,
6042,53.13,
794,88.25,
6079,47.62,
545,89.34,
5673,78.7,
433,85.51,
5807,47.41,
476,84.69,
5561,39.74,
515,86.53,
5236,70.94,
390,89.57,
5193,81,
355,93.41,
5173,80.84,
331,93.79,
5281,78.47,
671,88.37,
5135,79.81,
440,94.5,
5123,78.21,
330,98.65,
4898,81.12,
399,101.14,
4426,81.68,
480,98.91,
4020,86.09,
372,101.01,
3884,94.18,
3031,97.29,
2233,101.2,
1716,99.79,
1205,100.22,
975,99.41,
896,98.19,
1327,97.64,
3736,95.08,
6343,74.37,
5916,43.12,
795,84.37,
6057,43.06,
560,90.52,
5931,42.46,
456,84.8,
5778,42.14,
473,85.8,
5709,51.95,
453,87.45,
5174,65.36,
386,92.03,
5397,78.27,
396,91.28,
5272,80.29,
348,91.81,
5130,79.15,
556,90.06,
5147,79.66,
355,97.99,
5098,78.92,
363,98.25,
4810,80.48,
394,99.61,
4463,82.11,
463,101.14,
3963,85.2,
390,100.48,
3874,94.63,
3314,96.88,
2581,100.34,
1876,101.02,
1293,100.85,
922,98.83,
912,97.77,
1297,97.9,
3799,95.19,
6440,76.52,
5857,43.92,
819,79.74,
5887,61.25,
529,93.47,
5912,41.68,
499,85.63,
5765,40.28,
513,85,
5534,39.77,
498,88.28,
5376,50.39,
419,87.15,
5517,77.44,
358,87.11,
5464,78.23,
393,95.64,
5272,78.9,
336,96.57,
5188,77.37,
391,97.23,
5113,79.74,
398,98.11,
4950,79.63,
458,100.38,
4543,82.89,
462,100.5,
4075,85.95,
354,101.36,
3945,93.77,
3277,96.44,
2770,99.12,
1828,101.07,
1262,99.77,
993,98.89,
906,97.81,
1437,97.4,
3792,95.68,
6454,73.3,
5863,54.46,
829,82.35,
5821,41.72,
548,92.06,
5565,40.54,
470,91.83,
4628,28.12,
452,88.12,
5187,41.61,
396,91.58,
5018,39.37,
448,83.96,
4831,52.67,
409,96.14,
5315,57.5,
495,92.73,
5239,53.19,
426,94.78,
5407,77.01,
438,96.78,
5279,73.73,
443,97.83,
5405,68.83,
452,98.56,
5128,76.84,
597,98.37,
5067,77.35,
593,95.14,
5106,88.57,
4418,92.8,
3529,97.41,
2532,101.08,
1718,103.24,
1301,103.28,
1208,101.63,
1934,101.12,
4294,95.05,
6423,80.76,
5492,67.81,
843,88.73,
5085,83.77,
639,95.35,
5440,81,
602,93.77,
5283,80.1,
567,92.03,
5511,46.03,
578,90.17,
5231,75.07,
469,90.24,
5269,82.03,
489,91.54,
5593,72.55,
484,94.47,
5186,79,
456,100.49,
5210,59.99,
471,97.33,
5329,49.8,
517,92.26,
5195,75.75,
545,100.3,
4801,79.66,
466,100.37,
4553,77.5,
411,98.57,
4523,93.65,
3799,96.29,
2571,101.86,
1737,104.95,
1202,107.15,
825,106.06,
816,104.53,
998,104.53,
2428,103.32,
3861,97.67,
3861,89.87,
411,101.8,
4154,89.4,
330,100.14,
4812,88.42,
397,98.58,
5730,80.93,
388,94.82,
5343,82.89,
380,95.82,
5244,85.08,
363,96.54,
5278,77.17,
385,100.46,
5315,74.42,
448,96.86,
5050,37.38,
470,95.44,
5201,55.46,
531,95.94,
5070,78.4,
440,98.92,
4972,79.07,
511,99.28,
4989,79.84,
489,100.31,
4992,79.81,
428,102.03,
5760,88.76,
5010,93.23,
3052,101.42,
1774,104.45,
1227,103.26,
848,102.85,
1062,101.6,
2287,102.94,
5727,84.77,
6956,56.42,
5762,44.54,
905,78.57,
5809,44.39,
609,90.43,
5665,41.6,
495,91.44,
5610,38.86,
504,87.96,
5332,36.03,
472,85.15,
4994,74.78,
364,94.6,
5354,79.74,
374,95.73,
5394,74.96,
337,96.87,
5069,82.67,
332,100.18,
5060,57.4,
415,95.06,
4831,79.3,
319,99.65,
4943,80.83,
417,99.84,
4437,84.07,
446,101.23,
3999,86.55,
397,101.61,
3746,95.01,
2979,97.79,
2231,98.25,
1568,98.93,
1114,99.01,
949,97.43,
872,96.87,
1376,98.2,
3888,95.45,
6340,75.46,
5802,42.49,
819,81.08,
5837,41.88,
515,92.61,
5521,40.01,
494,92.17,
5539,42.81,
465,89.03,
5309,74.28,
411,94.71,
5128,77.44,
354,96.2,
5162,77.3,
357,97.78,
5018,78.73,
347,98.31,
4942,79.23,
350,98.79,
4962,77.87,
368,95.64,
4831,78.83,
360,99.07,
4746,81.36,
439,100.24,
4485,82.29,
454,100.16,
3771,88.29,
398,101.99,
3858,92.36,
3087,97.51,
2358,95.29,
1811,92.98,
1232,89.21,
953,93.56,
889,92.67,
1243,92.12,
3469,92.68,
6032,75.59,
5713,43.22,
783,82.91,
5802,41.86,
517,91.65,
5566,40.47,
413,91.66,
5543,41.38,
441,90.18,
5428,39.94,
432,89.9,
5205,65.79,
330,95.7,
4904,80.94,
333,98.29,
5092,77.46,
334,96.66,
4705,75,
362,94.52,
4670,75.19,
363,94.61,
4758,74.56,
405,95.9,
4654,79.36,
396,100.68,
4296,80.46,
474,102.03,
3848,84.57,
377,100.72,
3542,93.57,
3092,95.25,
2305,98.11,
1740,95.24,
1230,94.14,
863,88.04,
810,88.13,
1126,84.67,
2703,86.97,
5185,75.54,
4858,40.29,
822,69.2,
4806,34.74,
525,77.42,
3880,46.34,
436,88.31,
4192,73.04,
411,91.53,
4764,65.17,
437,89.53,
4771,67.97,
381,92.51,
4657,72.6,
379,92.71,
4901,73.36,
393,92.09,
5020,75.1,
394,95.1,
5021,75.38,
406,93.31,
4845,78.82,
340,97.93,
4751,78.98,
421,99.97,
4245,82.12,
462,98.54,
3489,87.72,
338,101.53,
3624,94.14,
3004,97.3,
2198,99.7,
1730,98.96,
1105,99.62,
875,96.93,
879,97.48,
1495,98.68,
3890,95.63,
6535,76.53,
5725,47.74,
860,82.39,
5770,40.77,
566,90.6,
5534,40.06,
481,90.52,
5439,47.95,
468,90.92,
5432,72.17,
426,93.74,
5448,68.34,
407,95.58,
5430,52.96,
437,92.97,
5257,76.52,
406,98.67,
5422,73.4,
396,96.54,
5437,59.21,
439,93.52,
5388,50.02,
493,91.89,
5257,70.79,
511,99.77,
4882,78.65,
556,99.2,
4855,78.21,
573,97.26,
5692,83.71,
4587,92.25,
3123,97.41,
2363,99.62,
1626,102.37,
1222,102.98,
1183,100.12,
1740,102.08,
4223,94.49,
6544,77.69,
5540,48.89,
717,88.33,
5504,52.76,
568,92.04,
5389,83.31,
480,96.83,
5300,80.51,
504,94.64,
5412,79.09,
477,95.2,
5491,58.68,
509,90.55,
5492,66.98,
478,89.58,
5428,43.98,
499,92.72,
5512,65.6,
485,97.24,
5059,66.75,
502,97.12,
5175,76.38,
489,97.68,
5162,76.2,
497,99.78,
4773,80.83,
430,99.36,
4263,84.41,
357,104.4,
4105,94.28,
3450,97.89,
2489,101.26,
1691,104.27,
1074,100.28,
813,100.3,
698,96.79,
887,94.63,
2036,92.74,
3573,91.67,
3464,82.99,
396,98.92,
3746,84.58,
318,98.81,
4331,81.75,
352,98.45,
5078,80.2,
337,98.15,
5424,82.47,
354,99.47,
5236,77.97,
355,100.77,
5446,81.7,
361,98.71,
5466,80.53,
379,100.24,
5453,76.51,
473,98.93,
5310,77.09,
465,98.73,
5075,77.96,
415,99.83,
4934,79.78,
458,100.01,
4841,83.74,
421,102.78,
5037,79.12,
427,101.35,
5316,92.74,
4400,96.89,
2831,102.93,
1603,104.68,
1063,103.16,
812,102.73,
915,101.82,
2188,104.08,
5744,85.71,
6898,61.32,
5754,44.91,
906,76.12,
5866,44.79,
553,90.85,
5789,42.82,
456,87.08,
5534,62.19,
461,85.31,
5304,78.05,
356,95.27,
5404,75.16,
386,89.21,
5287,78.91,
341,86.21,
4980,79.69,
325,92.94,
5186,78.52,
734,85.3,
5271,79.05,
395,96.87,
5012,79.33,
360,99,
4877,79.43,
438,100.55,
4361,84.02,
454,100.36,
3806,86.85,
385,100.18,
3548,94.57,
2992,95.6,
2120,97.84,
1654,98.78,
1207,97.57,
862,96.97,
866,96.08,
1383,98.11,
3655,96.4,
6380,76.98,
5899,43.51,
811,81.15,
5993,42.78,
518,91.88,
5777,42.88,
464,90.63,
5543,66.24,
422,88.87,
5545,52.66,
480,88.52,
4307,25.56,
402,84.3,
4127,23.93,
391,90.84,
4657,57.39,
334,96.32,
4950,81.93,
654,90.72,
5178,77.7,
387,96.36,
4759,81.84,
323,101.56,
4648,82.19,
404,101.21,
4341,83.07,
455,101.21,
3702,87.99,
364,101.48,
3570,94.96,
2934,97.7,
1822,100.9,
1363,99,
969,98.47,
763,96.83,
726,95.9,
1234,97.41,
3532,95.87,
6183,79.47,
5799,47.74,
776,83.41,
6019,43.37,
507,90.87,
5904,45.53,
449,86.88,
5686,68.98,
440,80.29,
5584,50.16,
442,86.65,
5274,77.31,
360,92.49,
5332,78.77,
355,87.39,
5275,79.47,
354,95.6,
5152,79.72,
326,99.58,
5067,81.27,
351,101.03,
5004,79.38,
364,98.56,
4790,80.54,
424,101.39,
4295,82.9,
463,100.44,
3821,87.25,
374,100.87,
3838,95.3,
2832,95.28,
1858,99.15,
1434,99.74,
960,97.89,
724,97.28,
722,97.73,
1247,97.51,
3511,96.89,
6312,78.01,
5912,54.86,
789,85.87,
5855,41.41,
520,93.04,
5719,42.59,
465,91.12,
5057,35.02,
435,86.65,
5661,52.11,
486,87.96,
5384,44.11,
433,85.84,
5264,77.17,
351,90.01,
5173,82.37,
301,97.72,
5155,78.61,
339,99.65,
5081,79.73,
370,99.62,
4921,78.48,
369,98.98,
4784,80.3,
405,101.14,
4417,82.05,
456,100.37,
4002,85.2,
367,101.74,
3934,94.81,
2896,97.88,
1899,99.14,
1339,99.38,
980,98.12,
751,97.78,
798,97.86,
1299,98.38,
3614,96.17,
6107,80.65,
5783,49.29,
791,79.01,
5871,41.43,
542,89.84,
5723,44.59,
413,88.8,
5535,77.01,
416,92.37,
5527,48.58,
405,88.13,
5233,67.32,
383,93.28,
5266,79.39,
388,96.76,
5374,66.25,
409,95.65,
5241,46.65,
465,92.54,
5329,76.1,
425,96.43,
5351,74.76,
432,96.28,
5284,75.86,
475,100.59,
4921,78.72,
497,101.42,
4884,78.13,
563,95.3,
5529,85.95,
4466,94.87,
2789,99.18,
1856,100.7,
1208,101.41,
916,101.93,
937,99.8,
1503,100.7,
3768,97.16,
5905,85.44,
5333,77.38,
631,95.2,
5272,84.2,
446,98.53,
5665,77.37,
458,93.07,
5681,76.76,
472,91.16,
5611,73.17,
474,93.82,
5353,80.97,
422,96.45,
5712,79.96,
393,93.67,
5548,78.68,
427,92.21,
4833,80.61,
622,94.63,
5357,41.45,
493,96.54,
4951,73.51,
415,99.82,
4677,80.27,
408,100.43,
4355,85.91,
369,101.81,
3731,88.54,
297,106.27,
3877,97.56,
3116,100.41,
1861,104.57,
1183,105.05,
787,105.79,
539,105.44,
499,103.7,
669,102.63,
1735,103.94,
3244,100.4,
3254,92.08,
302,103.33,
3299,93.64,
262,102.34,
4002,90.98,
272,100.82,
4766,78.39,
322,97.54,
5044,87.76,
313,98.14,
5116,83.65,
318,101.96,
5263,64.71,
360,98.11,
5366,83.59,
357,100.41,
5330,82.49,
406,100.86,
5203,81.36,
408,99.39,
4956,80.49,
378,99.68,
4639,85.1,
393,104.18,
4618,80.3,
389,103.3,
4762,83.48,
358,104.07,
5198,95.17,
4003,99.57,
2427,104,
1479,104.65,
950,101.66,
682,102,
869,100.81,
2058,103.39,
5369,90.15,
6822,58.06,
5818,46.66,
932,79.75,
5740,54.97,
457,96.1,
5721,78.73,
407,92.23,
5566,78.82,
418,90.36,
5536,73.56,
384,93.17,
5112,79.99,
341,92.33,
5189,70.31,
309,91.19,
5247,80.91,
331,95.03,
5224,80.01,
654,88.41,
5129,82.01,
362,100.23,
4844,81.14,
336,100.28,
4779,81.7,
441,101.25,
4277,84.55,
425,99.81,
3560,89.91,
344,102.49,
3652,95.76,
2612,98.76,
1682,99.46,
1366,103.05,
168,118.55,
963,105.42,
882,105.39,
904,106.68,
1902,105.65,
3716,100.41,
5350,92.71,
5035,90.02,
444,102.87,
5069,88.76,
435,100.95,
4977,85.23,
439,98.85,
5467,73.07,
594,95.58,
5258,70.79,
605,97.12,
4927,82.48,
538,99.06,
5339,55.1,
578,94.96,
5208,41.24,
522,95.27,
5175,66.79,
506,96.86,
5068,83.43,
418,101.67,
4950,84.05,
409,100.93,
4425,87.63,
319,102.88,
4341,86.74,
351,104.14,
4360,86.89,
319,104.18,
4065,85.42,
303,105.2,
3024,92.64,
235,107.29,
1877,100.91,
155,109.17,
1201,103.8,
139,115.58,
822,106.15,
621,103.21,
566,104.47,
946,103.93,
2146,104.06,
3336,101.4,
3585,96.33,
330,103.77,
4248,93.37,
313,99.37,
4987,85.16,
384,90.58,
5524,40.65,
498,91.74,
5385,38.88,
475,91.64,
5293,47.54,
482,95.16,
5366,75.9,
419,99.36,
4616,55.01,
391,96.66,
4743,67.27,
373,97.57,
4718,82.27,
380,101.01,
4321,88.91,
311,102.22,
3878,86.28,
336,101.74,
3697,88.19,
314,105.73,
3585,89.18,
302,106.59,
3473,89.47,
280,106.73,
2740,95.73,
213,109.82,
1940,99.06,
182,111.79,
1264,102.48,
166,112.98,
966,102.18,
743,88.58,
689,83.92,
876,90.7,
1890,94.82,
2345,97.52,
2284,97.2,
297,104.29,
2716,97.13,
276,103.19,
3803,89.14,
289,100.51,
4750,85.23,
380,99.51,
5416,82.78,
336,99.19,
5358,84.24,
335,98.01,
5469,81.79,
354,99.42,
5073,68.65,
326,98.48,
5175,81.48,
325,101.34,
4657,87.98,
307,102.37,
4493,82.23,
313,102.67,
3931,88.99,
343,104.46,
3658,91.38,
418,104.84,
3462,92.95,
312,105.27,
3486,93.1,
294,107.72,
2955,96.3,
240,109.6,
2064,100.91,
185,113.15,
1328,103.34,
161,115.82,
980,106.05,
727,104.38,
598,101.77,
727,102.89,
1581,103.83,
2117,103.27,
2164,100.64,
273,103.82,
2415,100.27,
259,102.51,
3423,96.29,
280,102.94,
4463,89.02,
279,99.65,
4904,84.88,
284,99.08,
4978,88.52,
293,97.78,
5400,87.06,
310,99.59,
5446,50.58,
405,96.37,
5444,59.44,
389,97.68,
5292,81.77,
377,101.34,
5028,83.66,
358,100.66,
4832,83.27,
379,101.13,
4979,84.17,
434,103.8,
4896,86.24,
355,103.51,
4740,90.96,
3525,94.56,
2395,100.69,
1497,103.19,
1000,101.46,
771,99.64,
932,101.9,
2195,101.79,
5674,88.86,
6976,55.99,
5763,48.52,
859,81.08,
5959,50.69,
511,90.13,
5359,81.98,
363,85.08,
5558,77.11,
367,90.13,
5569,68.62,
404,90.58,
5069,79.74,
319,95.48,
5402,80.3,
313,95.41,
5267,71.89,
331,93.5,
5288,79.75,
316,97.64,
5107,79.58,
761,87.41,
4930,83.82,
326,100.3,
4816,81.2,
413,99.28,
4268,83.38,
443,99.34,
3962,87.53,
356,102.31,
3457,96.03,
2475,99.12,
1886,102.09,
1581,99.09,
1092,97.7,
907,96.3,
892,96.98,
1544,97.73,
3650,94.94,
6393,80.81,
5973,57.38,
754,86.78,
6109,45.15,
467,91.03,
5149,58.52,
409,82.18,
4786,35.98,
410,88.35,
5484,39.33,
413,88.01,
5300,54.78,
372,91.23,
5217,80,
357,94.26,
5298,76.45,
355,95.01,
5203,79.03,
359,96.51,
5020,81.6,
901,88.67,
4995,81.54,
339,99.2,
4754,80.33,
393,100.07,
4284,83.85,
460,100.77,
3990,85.54,
364,101.4,
3736,95.06,
2595,97.82,
1985,100.89,
1728,98.89,
1194,99.05,
934,98.47,
875,95.53,
1462,97.98,
3654,96.36,
6513,81,
5930,59.77,
743,92.28,
6222,42.88,
499,91.18,
5924,42.19,
460,80.34,
5647,54.36,
413,88.92,
5624,59.06,
440,90.03,
5400,61.57,
415,87.18,
5372,74.92,
361,91.59,
5266,77.71,
334,97.37,
5056,80.33,
305,98.89,
5131,80.06,
348,97.92,
5204,78.73,
335,99.56,
4858,80.68,
382,100.99,
3505,88.72,
399,103.38,
3703,86.4,
384,101.83,
4045,92.27,
3001,97.81,
2137,100.96,
1705,100.02,
1258,98.34,
982,96.63,
914,96.53,
1437,97.08,
3708,95.44,
6135,82.32,
5953,62.43,
775,93.25,
5889,68.29,
503,94.77,
5927,45.37,
449,79.84,
5791,46.81,
412,88.27,
5525,48.18,
470,87.01,
4870,32.2,
432,88.33,
4986,41.25,
440,89.87,
5482,43.66,
395,90.95,
5407,65.1,
407,93.53,
5461,78.98,
994,86.42,
5549,68.26,
440,94.87,
5305,73.93,
424,98.18,
4881,78.34,
475,99.27,
4773,77.47,
533,97.56,
5605,81.97,
4416,92.21,
3251,97.17,
2361,100.54,
1754,100.33,
1310,101.12,
1224,100.59,
1833,100.1,
4170,95.01,
6575,80.23,
5768,62.2,
669,93.34,
5644,59.54,
585,92.09,
4918,59.59,
567,85.31,
4968,59.9,
563,90.85,
4990,30,
582,87.82,
4413,24.03,
514,88.12,
4519,31.27,
519,85.36,
4671,38.99,
461,91.84,
4651,55.88,
428,92.23,
4634,37.83,
826,52.23,
4906,68.62,
472,93.66,
4866,79.11,
399,99.54,
4204,85.02,
360,103.5,
3793,86.34,
284,106.2,
4096,92.91,
3300,97.58,
2117,101.61,
1729,102.92,
1206,102.32,
952,102.13,
878,99.76,
1388,100.72,
3392,97.99,
5143,90.3,
4979,82.01,
496,99.66,
4981,88.65,
340,100.18,
5489,77.72,
403,88.68,
5859,69.5,
412,93.24,
5508,69.71,
389,95.56,
5353,78.8,
390,95.2,
5629,61.01,
444,90.9,
5502,51.22,
424,94.93,
5329,71.63,
376,98.72,
5020,58.22,
458,94.91,
5258,80.21,
351,100.79,
4846,80,
380,102.08,
4306,85.19,
352,102.79,
3795,88.07,
273,106.51,
4170,93.12,
3373,98.59,
2195,102.43,
1530,104.82,
980,105.19,
759,105.15,
653,104.28,
882,104.72,
2214,103.83,
3351,99.86,
3259,96.79,
325,103.29,
3958,94.19,
284,102.17,
4720,89.02,
338,87.17,
5380,83.81,
332,94.51,
5338,84.17,
286,99.3,
5396,83.48,
335,99.35,
5411,72.88,
342,100.07,
5276,72.58,
407,97.35,
5123,63.28,
388,96.9,
5257,76.92,
382,99.67,
5033,82.33,
359,98.72,
4883,80.91,
397,101.59,
4739,80,
418,102.69,
4870,79.43,
331,101.79,
5270,90.75,
4189,97.55,
2563,103.2,
1638,103.71,
1097,101.88,
894,100.61,
1049,100.47,
2284,102.38,
5733,86.06,
6868,46.44,
5749,40.33,
854,79.71,
5757,41.06,
542,92.45,
5660,55.66,
399,92.03,
5686,67.01,
422,90.11,
5544,42.07,
402,87.69,
5395,43.5,
363,92.22,
4998,79.09,
317,98.2,
4896,80.97,
311,98.83,
4840,81.15,
274,94.68,
4992,82.08,
344,97.88,
4905,81.14,
324,99.18,
4794,81.06,
401,100.06,
4395,82.84,
446,98.85,
4218,83.66,
373,100.57,
3610,95.94,
2872,96.13,
2190,97.79,
1648,97.25,
1190,96.1,
933,95.99,
1033,96.47,
1570,96.23,
3635,94.95,
6533,80.7,
5793,75.7,
731,94.5,
5918,43.15,
542,90.67,
5821,45.8,
427,89.69,
5599,40.98,
428,89.07,
5481,39.14,
451,90.73,
4839,31.42,
388,86.82,
4897,69.18,
317,95.4,
5244,78.29,
352,97.5,
4958,81.65,
286,99.8,
5199,78.13,
372,98.59,
5002,80.98,
297,100.14,
4847,79.8,
408,99.63,
4479,82.41,
418,100.5,
4245,82.98,
385,100.46,
3754,94.56,
3061,51.88,
2200,70.33,
1556,82.44,
1175,86.77,
923,86.33,
854,86.95,
1394,87.69,
3786,76.33,
5867,74.4,
5829,44.92,
793,85.32,
5963,44.76,
541,90.26,
5627,40.49,
429,92.26,
5482,40.73,
425,89.57,
5271,65.36,
399,93.47,
5343,42.54,
421,87.86,
5008,61.41,
366,90.97,
5164,46.09,
388,91.28,
4971,80.35,
327,99.53,
5161,79.18,
782,90.14,
4506,84.56,
319,100.45,
4857,79.56,
379,101.8,
4501,81.55,
471,100.24,
4154,83.84,
416,100.2,
3825,94.2,
3172,97.9,
2346,99.8,
1747,99.84,
1222,97.92,
898,98.31,
932,97.07,
1491,97.46,
3908,95.07,
6415,80.66,
6020,57.66,
731,90.74,
5979,41.7,
509,92.04,
5665,40.58,
416,92.16,
5590,41.7,
435,88.13,
5501,74.25,
453,92,
5375,73.64,
387,92.06,
5067,80.97,
331,90.35,
5280,78.6,
326,96.18,
5093,80.06,
312,98.35,
5057,80.49,
383,96.47,
5054,81.17,
310,99.8,
4891,81.09,
388,101.17,
4487,81.77,
447,100.95,
4154,84.51,
361,99.48,
3928,94.17,
3115,96.55,
2376,100.91,
1790,99.76,
1307,98.96,
960,99.47,
894,97.63,
1467,97.54,
3885,95.85,
6482,76.7,
5945,55.25,
739,90.02,
5815,41.53,
523,90.23,
5656,41.21,
416,94.04,
4519,36.4,
400,88.5,
4333,33.33,
396,92.04,
4258,35.13,
393,94.1,
4285,37.37,
353,95.29,
4276,36.57,
414,91.39,
4254,35.59,
400,93.03,
4945,40.74,
410,93.65,
5502,49.9,
453,93.33,
5279,76.7,
435,100.11,
4954,78.41,
534,98.62,
4778,78.84,
516,97.97,
5308,87.81,
4068,95.11,
3073,98.79,
2237,101.73,
1577,102.03,
1246,101.18,
1200,95.82,
1874,97.44,
3983,93.89,
6112,81.97,
5780,52.11,
697,92.65,
5553,41.28,
581,89.54,
5280,65.65,
498,82.32,
5400,81.12,
458,94.63,
5675,74.69,
451,92.97,
5570,73.55,
462,96.76,
5591,42.94,
497,85.56,
5505,61,
456,92.55,
5322,43.64,
529,85.8,
5168,56.89,
851,71.15,
5173,78.68,
433,100.22,
5330,59.49,
473,95.14,
4807,78.86,
453,98.55,
4345,85.4,
317,103.73,
4652,92.01,
3774,96.14,
2523,101.68,
1750,104.26,
1202,104.4,
808,105.74,
746,104.63,
983,103.65,
2305,102.82,
3581,98.93,
3629,93.75,
348,103.99,
4540,90.44,
323,100.84,
5030,87.36,
379,90.36,
5818,79,
382,93.27,
5589,80.42,
354,97,
5421,81.08,
353,98.77,
5442,83.24,
357,92.07,
5522,78.9,
387,96.96,
5208,41.87,
473,92.92,
5365,75.67,
421,97.56,
5249,79.42,
444,100.87,
5136,76.73,
459,98.91,
5062,78.78,
459,100.72,
5115,79.73,
441,100.88,
5806,88.56,
4739,94.46,
3141,100.87,
1729,103,
1092,102.46,
820,101.6,
993,102.3,
2187,103.58,
5845,85.59,
6752,71.21,
5993,47.97,
899,83.59,
5848,49.09,
556,89.08,
5661,66.45,
438,84.77,
5240,44.49,
437,86.43,
4477,38.25,
412,90.24,
4544,44.08,
384,91.09,
5214,49.12,
374,88.8,
5265,78.6,
345,96.92,
5219,80.03,
355,99.4,
5285,79.84,
359,98.63,
4962,82.96,
356,99.6,
4885,80.83,
404,101.72,
4341,83.33,
429,100.8,
4056,85.23,
381,97.63,
3673,93.15,
2987,89.98,
2212,94.11,
1682,95.26,
1269,95.26,
1008,94.95,
976,94.77,
1485,94.97,
3943,82.39,
6344,47.11,
5996,42.56,
782,88.39,
5927,42.12,
573,91.94,
5755,39.87,
469,85.96,
5274,30.91,
486,84.31,
4925,51.17,
424,90.02,
3973,84.69,
304,96.4,
5058,81.57,
335,95.93,
5413,79.16,
344,93.81,
4727,64.91,
414,92.96,
4275,42.7,
499,89.52,
5118,60.96,
332,97.45,
4862,80.56,
388,102.24,
4357,82.69,
460,98.01,
4382,81.59,
384,100.33,
3853,91.72,
3001,52.89,
2053,86.74,
1950,91.85,
1306,93.39,
1040,90.88,
941,93.2,
1496,92.72,
3885,73.97,
6346,79.8,
5877,51.44,
741,89.23,
5970,42.3,
541,91.48,
5509,40.48,
422,93.02,
4707,36.31,
418,92.94,
4223,36.44,
401,93.23,
4179,36.26,
330,95.02,
4091,39.67,
333,96.05,
4218,42.03,
366,95.45,
4293,43.18,
350,94.17,
4993,58.03,
384,95.18,
4983,81.29,
372,99.39,
4836,80.75,
388,102.85,
4409,83,
481,99.59,
3883,86.98,
360,100.52,
3707,94.28,
2988,97.45,
2167,101.15,
1725,100.22,
1161,99.99,
879,99.1,
852,96.83,
1382,99.42,
3914,95.25,
6422,80.82,
5923,46.18,
781,85.64,
5778,40.44,
510,89.56,
5728,40.77,
426,93.23,
5662,52.18,
428,90.09,
5596,51.61,
433,89.65,
5393,55.19,
394,93.77,
5263,81.37,
324,99.39,
4805,82.51,
346,96.88,
5238,75.88,
429,91.54,
5144,79,
707,87.97,
4895,80.85,
342,99.65,
4730,81.89,
416,100.49,
3978,85.4,
424,101.14,
4360,82.24,
402,99.34,
3905,94.06,
3220,97.61,
2324,100.17,
1731,100.08,
1150,100.45,
898,98.52,
921,97.88,
1456,97.85,
3907,94.28,
6340,81.69,
5860,66.54,
738,91.12,
6102,43.64,
537,89.67,
5277,41.31,
481,84.81,
4570,36.09,
429,88.03,
4387,38.26,
444,89.63,
4528,37.51,
401,90.8,
4683,40.42,
386,86.31,
4438,39.45,
423,88.51,
4651,40.13,
494,89.96,
5225,40.69,
1036,81.28,
5492,53.36,
433,94.18,
5298,75.74,
451,99.85,
5129,76.48,
561,98.25,
4867,77.55,
547,97.06,
5528,84.45,
4258,94.77,
3185,97.45,
2274,99.94,
1600,101.14,
1269,101.16,
1123,101.12,
1682,99.77,
3989,94.71,
6067,80.93,
5690,68.54,
757,90.38,
5323,65.11,
547,91.19,
4651,87.95,
481,91.09,
5591,71.8,
540,92.32,
5559,65.12,
477,92.86,
5391,41.27,
505,92,
5568,68.54,
460,92.17,
5295,53.64,
466,90.26,
5114,52.44,
597,82.03,
5370,58.14,
874,69.93,
5446,75.34,
455,98.16,
5259,75.25,
448,99.65,
4780,80.45,
467,99.73,
4574,82.43,
377,99.46,
4886,90.65,
3985,96.63,
2549,101.35,
1758,103.67,
1154,104.81,
817,104.86,
722,104.59,
1023,104.05,
2440,102.4,
3723,97.4,
3650,93.41,
385,104.11,
4477,90.51,
341,98.67,
5171,88.02,
387,88.73,
5937,79.45,
395,93.8,
5622,80.77,
357,97.65,
5456,81.48,
353,93.65,
5433,81.88,
355,94.54,
5370,80.46,
431,98.9,
5291,68.12,
450,94.94,
5346,80.15,
427,101.33,
5371,75.33,
460,98.49,
5238,76.9,
453,99.08,
5126,78.13,
540,98.88,
5115,79.91,
406,102.63,
5766,87.88,
5126,91.83,
3231,100.98,
1903,102.48,
1247,101.54,
851,101.34,
1066,100.53,
2220,101.71,
5735,86.79,
6810,63.65,
5926,47.56,
900,83.33,
5921,45.38,
614,89.03,
5849,44.51,
506,85.32,
5707,42.56,
478,88.2,
5491,48.21,
434,87.4,
5357,54.27,
400,87.31,
5240,79.3,
380,93.47,
5231,79.6,
371,98.54,
5153,80.21,
342,99.69,
5050,74.99,
349,97.63,
5007,75.63,
343,97.87,
4797,81.78,
417,101.25,
4315,83.66,
454,99.51,
4194,84.53,
375,101.08,
3771,95.51,
2954,96.84,
2261,98.9,
1639,98.45,
1197,98.38,
984,95.63,
982,96.43,
1547,97.73,
3898,94.52,
6381,82.75,
5792,45.07,
762,87.49,
5786,42.39,
578,91.87,
4857,37.35,
479,88.36,
4454,34.99,
435,91.71,
4386,35.25,
423,90.88,
4323,35.2,
416,86,
4378,35.87,
382,94.4,
4292,34.1,
352,95.5,
4352,34.63,
368,95.52,
4294,33.91,
367,94.24,
4374,33.57,
395,93.82,
4778,63.14,
411,99.14,
4376,82.92,
438,98.28,
4080,84.78,
370,100.55,
3841,93.98,
3032,97.14,
2257,99.11,
1641,98.87,
1186,100.79,
928,98.43,
834,98.96,
1332,97.97,
3822,95.38,
6251,72.94,
5799,40.34,
793,83.34,
5853,42.55,
544,89.95,
5031,33.83,
480,85.28,
4739,31.6,
447,83.22,
4605,30.48,
469,87.66,
4721,32.9,
410,89.75,
5134,71.37,
318,89.06,
5161,80.55,
344,95.17,
5141,77.95,
503,90.37,
4985,80.31,
759,90.85,
5093,79.14,
320,99.93,
4962,80.17,
390,101.77,
4371,83.34,
448,100.12,
4002,86,
368,102.42,
3891,94.74,
3066,96.76,
2337,99.97,
1701,99.85,
1167,99.53,
946,99.32,
923,96.48,
1444,97.67,
3862,94.4,
6367,67.01,
5907,43.83,
779,81.99,
5980,43.26,
544,89.65,
5830,41.21,
495,80.17,
5551,39.46,
456,87.18,
5577,43.21,
464,88.58,
5314,40.25,
416,91.47,
4781,53.37,
346,90.33,
4805,83.5,
319,98.15,
5236,80.01,
337,97.07,
5017,81.1,
395,98.23,
4937,79.33,
327,99.05,
4872,80.02,
392,100.89,
4397,82.04,
483,99.46,
4213,82.73,
395,101.19,
3935,93.11,
3307,95.38,
2476,99.15,
1914,98.42,
1321,99.18,
1037,97.77,
942,96.68,
1441,96.54,
3811,94.23,
6446,77.46,
5812,69.86,
774,91.36,
5903,45.77,
523,91.43,
5356,82.19,
412,87.35,
5674,65.75,
488,87.89,
5472,44.13,
455,89.78,
4892,35,
428,89.23,
5379,53.68,
370,87.53,
5419,77.54,
439,93.25,
5536,70.46,
582,87.5,
5407,74.99,
624,90.03,
5505,72.91,
447,98.81,
5285,74.27,
481,100.96,
4952,78.45,
556,97.75,
4740,78.84,
542,97.12,
5250,86.74,
4284,93.07,
3088,97,
2426,98.62,
1742,99.86,
1316,99.57,
1312,98.97,
1869,98.54,
4218,94.47,
6414,75.57,
5657,49.91,
847,87.73,
5243,56.85,
647,90.43,
4975,84.82,
462,97.54,
5378,79.34,
551,96.88,
5397,66.36,
488,94.47,
5385,45.41,
490,89.09,
4909,34.47,
519,89.6,
5486,59.98,
464,95.34,
5367,69.68,
472,97.31,
5303,52.76,
511,94.58,
5434,72.34,
490,97.4,
5122,76.35,
501,100.48,
4786,79.16,
466,98.99,
4484,81.51,
340,102.43,
4712,91.1,
4135,93.42,
2688,99.75,
1257,92.04,
980,91.08,
771,91.71,
737,91.05,
1334,93.59,
3671,83.62,
6457,73.09,
6006,57.37,
710,88.08,
5909,44.68,
463,92.98,
4371,34.05,
357,94.62,
4429,35.42,
380,90.27,
4432,34.98,
393,92.01,
4334,39.97,
333,95.12,
4326,43.97,
349,93.1,
4355,43.16,
354,93.88,
4304,41.01,
364,93.09,
4258,42.03,
339,95.29,
4842,63.76,
319,97.27,
4708,85.77,
369,102.33,
4221,83.8,
413,100.25,
3774,85.54,
347,101.21,
3403,94.15,
2494,97.39,
1696,97.4,
1317,93.61,
929,91.82,
824,94.53,
730,94.48,
1252,89.87,
3077,89.73,
5711,71.56,
5504,62.45,
716,85.27,
5528,42.85,
462,89.6,
5260,57.47,
365,92.49,
4840,74.39,
373,91.67,
4818,71.86,
345,90.53,
4478,70.64,
344,91.15,
4384,80.12,
313,95.93,
4759,74.47,
347,94.25,
4552,77.74,
336,93.32,
4554,79.92,
328,97.5,
4109,73.64,
354,91.64,
4072,75.41,
364,94.67,
3749,79.34,
412,100.73,
3480,77.66,
383,98.14,
3094,90.39,
2200,88.58,
1463,89.59,
1093,87.1,
755,87.12,
555,83.9,
602,86.57,
857,85.5,
2087,84.97,
4867,72.87,
4351,35.21,
691,67.95,
5274,47.17,
464,90.55,
5085,76.98,
343,98.36,
5161,80.54,
333,96.58,
5099,76.89,
329,95.18,
4783,80.28,
269,99.84,
5063,79.58,
313,97.86,
5024,78.95,
284,98.3,
5055,79.76,
303,99.06,
4974,82.29,
332,98.78,
4890,83.69,
314,101.18,
4481,86.27,
352,100.71,
4004,83.21,
377,99.44,
3496,87.92,
321,102.51,
3459,95.05,
2522,92.4,
1907,94.79,
1291,95.17,
1051,93.7,
830,87.06,
829,91.7,
1542,94.84,
4120,93.3,
6718,76.83,
5943,67.49,
718,92.36,
6143,42.53,
460,88.89,
4766,29.64,
398,86.22,
4633,27.98,
403,88.82,
4496,26.72,
434,86.42,
4402,27.79,
384,90.82,
4208,25.77,
364,90.63,
4595,27.85,
355,93.71,
4497,26.73,
365,93.53,
4593,27.45,
464,87,
4850,31.99,
687,74.61,
5232,73.9,
409,100.19,
4885,79.46,
467,101.7,
4623,77.51,
488,99.65,
5147,84.93,
3727,95.29,
2620,98.93,
1738,100.92,
1297,99.81,
1043,100.62,
998,98.78,
1706,100.33,
3877,96.84,
5901,88.88,
5363,80.27,
442,99.4,
5251,79.6,
327,98.81,
5614,66.39,
359,97.29,
5615,54.66,
424,94.73,
5494,67.8,
366,96.21,
5335,78.92,
362,98.11,
5435,67.67,
379,95.85,
5274,65.6,
407,96.92,
4915,80.21,
341,102.36,
5302,83.35,
316,102.1,
5285,77.75,
331,101.81,
4875,82.96,
346,101.79,
4009,86.84,
311,103,
3576,87.92,
266,104.88,
3517,96.99,
2932,101.58,
1852,104.29,
1262,105.83,
835,105.15,
584,104.21,
528,102.23,
906,103.22,
2304,103.07,
3275,101.75,
2899,96.72,
257,103.64,
2894,94.7,
221,102.6,
3619,88.81,
255,99.87,
4248,83.32,
319,98.81,
4553,89.48,
263,103.01,
4795,87.5,
266,101.83,
4922,86.65,
278,100.88,
5099,62.14,
340,99.53,
5363,74.27,
320,99.15,
4817,82.76,
341,100.33,
4724,82.84,
316,100.48,
4509,81.91,
320,98.71,
4400,80.13,
379,98.51,
4380,79.14,
323,101.36,
4732,82.28,
3912,86.67,
2400,91.6,
1380,91.15,
925,89.99,
648,88.44,
802,87.3,
1778,92.94,
4593,89.39,
5937,45.14,
5285,46.62,
799,67.34,
4598,69.42,
415,88.38,
3921,63.73,
339,93.45,
3711,44.19,
334,80.13,
3731,45.56,
328,90.48,
3854,47.28,
328,92.84,
4089,66.69,
302,96.71,
4344,69.41,
332,93.22,
3813,63.95,
340,92.63,
3849,78.12,
292,94.85,
4180,80.02,
298,99.55,
3736,75.73,
331,94.35,
3059,75.78,
350,97,
3251,71.38,
335,93.02,
3158,86.59,
2315,94.97,
1470,98.51,
1100,92.83,
854,89.43,
762,88.74,
794,91.31,
1332,97.96,
3686,96.84,
6608,85.79,
6072,58.76,
672,92.81,
6021,42.07,
488,88.76,
5639,40.74,
367,81.84,
5633,56.73,
376,91.69,
5424,68.49,
344,92.19,
5231,77.5,
315,96.89,
5432,75.08,
293,91.7,
5329,78.24,
313,97.56,
5135,80.86,
306,100.17,
5190,81.27,
387,95.33,
5002,82.73,
560,93.94,
4551,86.29,
347,101.43,
4272,83.13,
413,99.96,
3791,86.35,
333,104.34,
3620,94.27,
2749,97.9,
1842,98.5,
1505,101.42,
1120,98.66,
894,97.93,
938,88.12,
1595,89.57,
3710,93.24,
6619,64.99,
6024,49.08,
699,86.65,
5978,45.02,
464,92.35,
5876,45.24,
365,93.66,
5732,49.66,
384,92.83,
5831,72.66,
332,93.64,
5757,75.94,
285,97.05,
5659,78.05,
335,98.56,
5525,81.65,
318,98.97,
5263,72.27,
330,91.61,
5024,77.34,
360,94.95,
4763,71,
335,90.26,
4703,56.37,
387,89.78,
4229,83.94,
405,100.98,
4331,83.1,
399,100.75,
3974,95,
2834,98.1,
2058,99.68,
1511,100.65,
1140,98.16,
919,98.87,
847,99.09,
1606,99.71,
4297,97.49,
6881,76.89,
5916,45.42,
764,85.36,
5906,43.7,
500,91.56,
5139,36.58,
427,90.96,
4924,33.38,
410,88.91,
4833,33.98,
389,90.56,
4645,35.28,
396,92.56,
4784,35.66,
380,93.01,
4605,37.7,
361,90.23,
4649,37.35,
341,94.39,
4601,38.04,
400,92.94,
5418,73.24,
300,100.12,
5065,86.33,
324,102.11,
4573,85.92,
432,101.23,
4708,83.62,
409,99.2,
4345,95.16,
3099,99.63,
2177,101.28,
1542,100.62,
1299,99.99,
946,99.02,
933,99.42,
1656,99.39,
4309,97.15,
7100,88.61,
6069,58.02,
730,90.98,
6065,44.39,
543,87.54,
5294,37.22,
447,83.36,
5638,42.3,
418,88.03,
5832,54.04,
388,92.69,
5601,48.08,
422,89.92,
5370,41.98,
397,92.47,
5368,56.1,
428,92.15,
5587,73.87,
406,95.03,
5796,71.47,
417,95.72,
5674,77,
389,98.62,
5335,80.58,
399,99.16,
4855,77.65,
468,99.72,
4844,77.68,
521,95.51,
6070,80.67,
4625,87.27,
3240,89.13,
2120,90.34,
1604,88.37,
1349,88.12,
1262,88.23,
2379,90.01,
5083,87.54,
6571,54.91,
5430,44.76,
678,88.3,
4951,50.18,
427,89.11,
5266,53.93,
470,90.28,
5331,62.86,
436,93.87,
5279,74.11,
424,95.95,
5386,78.04,
405,97.15,
5145,60.81,
385,93.09,
4996,43.58,
456,93.91,
5168,45.44,
431,92.13,
5548,69.13,
413,96.22,
5599,82.52,
347,99.46,
5192,81.76,
376,98.84,
4289,87.04,
347,102.61,
4171,89.57,
271,106.62,
4251,97.51,
3303,102.82,
2075,106.63,
1431,107.39,
937,107.16,
731,105.68,
757,106.46,
1358,107.04,
3731,103.4,
5370,98.89,
4830,96.37,
327,103.71,
4786,95.94,
285,99.58,
4882,91.2,
301,88.83,
5421,87.77,
292,95.17,
5466,88.3,
266,93.54,
5749,84.21,
311,96.61,
5738,85.75,
331,100.37,
5720,83.48,
337,101.02,
5690,84.99,
322,102.05,
5505,85.23,
379,100.25,
5469,86.33,
463,99.25,
5278,85.35,
302,100.07,
5215,77.34,
354,102.19,
5275,81.71,
332,103.6,
6061,89.11,
5230,95.07,
3193,103.11,
1864,104.16,
1213,103.03,
914,101.11,
1084,102.83,
2446,103.98,
6140,82.02,
7048,45.47,
5982,43.93,
893,82.51,
5830,44.17,
551,88.17,
5704,43.41,
423,81.89,
5004,33.99,
381,85.99,
5406,42.83,
416,87.04,
5700,71.63,
353,93.19,
5802,77.2,
364,95.93,
5701,76.91,
344,97.04,
5397,82.13,
303,97.26,
5478,83.12,
294,97.6,
5245,86.12,
304,100.63,
5026,85.76,
343,101.63,
4578,83.95,
430,99.84,
4434,86.25,
370,100.33,
3988,96.47,
3004,99.36,
2172,101.65,
1597,100.36,
1205,101.2,
976,98.06,
1015,97.65,
1640,99.49,
4118,97.79,
7170,76.3,
6041,53,
745,88.03,
5875,44.17,
499,92.68,
5726,42.4,
399,90.76,
5777,42.16,
390,86.98,
5200,41.14,
409,87.75,
4496,40.32,
379,91.74,
4530,40.79,
363,91.56,
4527,41.98,
344,93.23,
4491,42.42,
345,93.05,
4743,44.04,
354,94.21,
5399,75.55,
320,99.13,
5016,84.65,
341,101.16,
4681,84.01,
404,99.3,
4609,83.97,
362,100.19,
4013,96.3,
3132,98.81,
2364,101.08,
1657,102.88,
1305,93.35,
1150,89.25,
1069,92.69,
1601,94.64,
4382,94.02,
7099,82.14,
6002,60.54,
721,91.75,
5847,43.75,
501,92.88,
5694,43.51,
414,92.91,
5409,54.17,
400,92.35,
5542,46.46,
374,92.05,
5655,59.98,
348,94.22,
5545,77.39,
341,95.88,
5113,81.64,
299,98.04,
5188,55.86,
368,91.12,
5160,78.61,
310,95.87,
5300,82.8,
320,98.38,
4983,85.02,
347,101.43,
4487,85.08,
427,101.61,
4338,86.53,
376,101.56,
3816,96.32,
3172,99.31,
2280,101.1,
1630,101.48,
1242,100.85,
1008,97.93,
945,98.87,
1570,99.53,
4343,97.41,
7292,82.07,
5971,62.06,
716,88.55,
5749,55.81,
492,93.61,
5667,41.64,
372,80.65,
5821,41.81,
417,80.75,
5748,49.15,
432,91.61,
5178,55.23,
410,91.77,
4457,40.97,
360,93.19,
4440,43.48,
360,92.52,
4455,40.51,
365,92.03,
4490,39.7,
310,95.12,
5110,57.02,
327,96.48,
5092,84.64,
366,99.43,
4716,84.16,
433,100.35,
4490,86.19,
403,100.8,
4060,95.16,
3316,98.5,
2554,100.29,
1646,100.66,
1218,99.55,
879,98.28,
838,98.4,
1426,98.9,
3942,95.53,
6231,83.56,
5221,55.77,
789,86.23,
5314,49.82,
525,88.44,
4924,46.91,
441,83.33,
5360,42.59,
409,86.46,
5446,40.26,
466,85.91,
5330,39.21,
394,91.83,
5440,43.38,
406,88.86,
5308,69.84,
387,93.98,
5404,76.55,
404,97.17,
5749,76.44,
612,88.67,
5456,78.22,
607,91.57,
5102,73.64,
408,98.48,
4823,78.67,
504,99.94,
4747,78.98,
503,97.66,
5581,82.5,
4140,93.78,
3029,98.25,
2171,100.37,
1636,100.64,
1271,99.93,
1266,99.73,
2312,98.79,
4738,79.82,
6408,49.96,
5100,35.98,
873,77.62,
4453,32.03,
557,89.9,
5082,35.73,
503,89.63,
5216,58.8,
495,90.32,
5087,78.84,
431,95.69,
4976,79.92,
367,98.44,
5295,79.66,
374,95.77,
5493,69.24,
396,96.62,
5459,57.28,
401,97.71,
5591,80.62,
640,91.93,
5162,76.18,
552,96.34,
4893,75.71,
386,99.66,
4507,80.45,
394,100.37,
3861,85.77,
267,104.94,
4326,93.97,
3260,98.15,
2279,101.65,
1559,104.66,
1041,104.19,
796,104.68,
748,101.82,
1369,103.24,
3429,100.28,
5142,94.52,
3988,92.67,
340,102.39,
4044,92.44,
282,94.96,
4624,88.11,
343,87.84,
5426,83.21,
288,94.98,
5194,81.48,
276,97.71,
5019,85.56,
267,99.95,
5221,63.48,
301,97.83,
5248,81.21,
332,98.98,
5396,82.17,
335,102.01,
5214,83.41,
550,92.83,
5127,83.57,
445,95.79,
4807,82.53,
364,97.66,
4848,81.5,
370,101.45,
5000,79.37,
324,102.33,
5376,89.84,
4799,93.68,
2890,101.53,
1731,103.69,
1081,101.34,
825,100.42,
1001,101.29,
2336,101.48,
5630,80.09,
6840,41.83,
5921,47.45,
884,83.62,
5785,43.64,
550,89.81,
5661,41.43,
447,86.25,
5549,48.97,
397,90.92,
5271,75.06,
360,93.83,
5287,76.83,
361,95.77,
5274,78.84,
327,95.97,
4808,81.16,
314,98.42,
5004,70.09,
335,96.39,
5139,78.12,
502,90.47,
4976,82.93,
325,100.2,
4762,82.1,
377,99.17,
4325,84.11,
431,102.38,
4287,82.92,
370,99.97,
3972,93.74,
2817,97.72,
2132,100.26,
1603,100.56,
1118,99.64,
917,96.38,
957,95.25,
1551,98,
4070,94.5,
6908,75.89,
5910,43.67,
740,87.29,
5962,41.4,
497,89.51,
5707,40.85,
463,82.14,
4799,35.15,
400,88.38,
4430,34.01,
415,91.38,
4368,34.12,
397,91.93,
4351,33.58,
322,90.92,
4358,33.19,
335,92.56,
4370,32.46,
336,94.86,
4371,32.62,
518,88.99,
5091,69.96,
300,98.2,
4735,82.05,
377,99.58,
4290,83.96,
430,101,
4211,83.83,
399,101,
4070,93.44,
2999,96.98,
2208,99.46,
1667,100.1,
1220,98.25,
944,97.3,
926,97.76,
1446,98,
4050,94.23,
6703,81.03,
5955,49.95,
732,88.56,
5942,41.59,
558,90.99,
4600,35.57,
419,88.63,
4251,33.96,
402,91.96,
4204,33.41,
378,93.21,
4182,36.1,
358,92.42,
4066,37.03,
351,92.09,
4155,34.5,
360,96.08,
4153,31.98,
347,95.01,
4858,53.92,
324,95.86,
5111,82.07,
300,100.83,
4817,82.18,
393,99.62,
4368,84.13,
449,101.14,
4191,83.84,
397,99.31,
3838,93.99,
2856,97.09,
2195,100.2,
1703,100.29,
1300,99.33,
952,97.44,
879,96.13,
1386,96.81,
4095,94.82,
6511,60.68,
5957,43.82,
790,83.54,
6055,42.27,
517,90.01,
5766,40.08,
454,80.78,
5130,36.36,
423,88.3,
4567,33.93,
419,89.4,
4457,34.29,
346,92.96,
4273,32.44,
367,89.7,
4319,33.24,
387,95,
4511,33.06,
343,96.27,
5151,64.21,
383,95.84,
4891,83.71,
298,101.99,
4783,82.31,
392,99.48,
4426,83.14,
425,101.02,
3920,85.19,
425,101.33,
4308,91.72,
3091,96.99,
2397,99.87,
1833,100.14,
1321,100.35,
997,97.86,
881,96.51,
1516,98.58,
3928,95.53,
6574,82.32,
5939,46.68,
734,88.36,
5878,40.85,
499,90.31,
5746,40.72,
454,81.28,
5600,45,
413,88.42,
5504,60,
414,90.19,
5442,55.58,
422,91.74,
5285,72.94,
355,97.46,
5349,73.96,
370,94.2,
5305,78.36,
373,98.49,
5539,77.7,
748,88.3,
4862,82.52,
390,99.05,
5275,75.53,
423,99.28,
4394,82.43,
455,102.86,
4745,78.59,
533,97.33,
5281,86.88,
4100,93.99,
3129,97.54,
2387,99.49,
1752,100.72,
1313,99.92,
1122,100.18,
1905,100.4,
4461,94.69,
6325,86.25,
5711,73.3,
596,96.71,
5549,81.06,
413,98.16,
5621,69.19,
430,88.06,
5562,45.38,
440,91.6,
5548,61.09,
374,93.11,
5421,75.5,
340,95.16,
5384,79.77,
370,93.74,
5334,79.34,
379,99.54,
5296,64.76,
379,97.26,
5252,78.87,
716,91.24,
5285,79.26,
479,94.34,
5033,79.25,
389,99.74,
4472,83.73,
356,102.69,
4022,87.62,
303,105.36,
4189,94.97,
3253,99.32,
2198,103.3,
1497,104.59,
1008,105.43,
779,104.52,
724,103.61,
1075,102.76,
2896,101.88,
4182,97.48,
4035,94.8,
326,102.35,
4469,93.78,
270,101.06,
4650,89.94,
307,85.64,
4977,87.54,
316,96.87,
5379,83.01,
284,95.01,
4938,85.98,
257,99.5,
5249,83.33,
312,98.95,
5172,69.75,
320,98.64,
4837,48,
323,96.27,
4959,73.63,
589,92.4,
5130,84.33,
427,98.83,
4828,82.45,
341,100.97,
4416,85.6,
390,102.91,
4541,82.91,
328,102.81,
4157,92.28,
3712,99.22,
2539,102.72,
1621,103.05,
1086,102.61,
887,99.14,
934,100.61,
1998,102.12,
5226,91.78,
7151,63.74,
5815,51.31,
814,84.22,
5983,44.87,
503,88.54,
5450,66.7,
392,83.91,
5755,69.77,
397,90.98,
5456,69.88,
425,91.36,
5356,57.07,
389,91.45,
5408,42.05,
401,88.42,
5449,65.48,
384,95.09,
5498,77.41,
329,99.87,
5291,79.1,
399,96.19,
5341,80.55,
325,100.13,
5062,79.44,
396,99.01,
4687,80.68,
456,101.49,
4513,81.18,
433,99.39,
4277,92.38,
3575,94.97,
2848,98.42,
1915,101.11,
1381,99.91,
1124,101.13,
979,98.76,
1616,100.55,
3894,95.13,
6309,77.22,
5958,70.84,
719,92.02,
5495,75.06,
467,95.68,
5373,80.95,
400,90.57,
5252,81.91,
372,94.14,
5533,78.24,
381,94.35,
5198,80.48,
399,94.7,
5475,74.56,
496,95.12,
5678,75,
494,95.9,
5064,48.21,
571,92.84,
5303,56.86,
601,94.65,
5037,82.07,
543,100.44,
5196,74.83,
645,95.28,
4993,75.18,
777,95.17,
4954,73.39,
699,95.08,
5009,78.15,
800,95.82,
4509,83.13,
678,97.94,
3598,86.94,
520,103.62,
3505,88.4,
457,107.93,
3029,100.45,
2669,101.99,
3328,99.52,
4990,92.72,
5851,86.54,
6892,51.79,
3626,92.25,
581,101.79,
4576,88.97,
499,101.79,
5529,53.44,
606,93.06,
5417,75.7,
552,95.8,
5090,84.07,
496,99.05,
5503,78.76,
503,97.67,
5271,76.98,
463,98.33,
5494,63,
438,97.76,
5161,80.78,
415,99.65,
4907,58.28,
418,96.5,
4417,91.04,
325,104.13,
4303,82.5,
325,102.75,
3731,88.82,
351,103.76,
3757,88.15,
301,104.98,
3486,90.61,
293,107.31,
2613,97.76,
226,110.21,
1907,101.59,
201,112.38,
2552,99.4,
1750,102.69,
1468,102.46,
1316,103.06,
2111,101.53,
4500,92.43,
6908,76.96,
5469,45.28,
733,91.66,
5164,67.4,
504,96.85,
4538,85.47,
405,101.61,
5345,77.24,
500,98.56,
5456,72.88,
451,97.65,
4866,61.13,
435,93.98,
4463,41.95,
484,82.18,
4940,51.72,
523,92.75,
4734,71.64,
433,97.29,
4975,75.64,
457,97.39,
5240,77.25,
421,99.94,
4749,83.28,
403,101.28,
4099,87.02,
305,99.42,
3683,86.91,
286,104.36,
3656,84.54,
3164,83.59,
2282,85.66,
1605,82.3,
996,81.89,
752,83.22,
739,83.94,
1046,86.35,
2098,90.39,
2949,90.18,
3176,80.05,
365,98.02,
2891,85.74,
310,101.22,
3857,67.46,
411,91.49,
3610,63.2,
368,96.35,
3852,74.77,
340,96.12,
4086,78.46,
402,96.65,
5092,69.21,
430,97.03,
5249,41.59,
475,93.52,
4554,32.98,
467,86.97,
3937,46.4,
448,88.92,
4088,78.68,
414,98.99,
4162,78.67,
392,96.44,
4430,74.24,
461,97.03,
4235,77.96,
403,102.49,
4586,90.49,
3987,95.42,
2662,98.65,
1658,99.1,
1021,98.35,
734,98,
830,93.54,
1750,85.83,
4053,52.38,
5412,33.49,
4548,28.95,
868,54.6,
4668,57.19,
485,93.39,
4363,50.17,
392,91.57,
4019,28.31,
433,88.22,
3826,67.79,
363,91.22,
4070,76.71,
366,95.18,
4530,78.51,
366,98.08,
4542,77.59,
372,97.82,
4423,61.71,
381,88.59,
4355,77.69,
353,97.07,
3990,80.95,
313,96.59,
4159,74.02,
391,93.67,
3821,75.66,
386,94.12,
3386,72.11,
411,93.74,
3262,89.43,
2539,93.9,
1943,88.25,
1465,91.3,
1011,88.22,
784,86.77,
746,85.59,
1131,90.11,
2867,92.99,
5613,85.87,
5645,75.68,
661,92.73,
5416,79.69,
418,97.6,
5266,69.93,
399,96.2,
4886,78.43,
344,97.67,
4956,71.39,
398,93.32,
4651,81.57,
346,97.4,
5470,74.87,
349,98.11,
5279,72.85,
375,97.33,
5098,75.31,
372,95.57,
4309,68.81,
336,95.69,
4884,81.66,
384,99.91,
4779,85.12,
418,101.6,
4243,83.49,
401,97.84,
3510,88.34,
332,103.1,
3704,93.59,
2941,95.62,
2262,99.38,
1543,100.51,
1055,99.56,
801,99.95,
815,98.7,
1278,99.69,
3242,97.72,
5913,87.94,
5652,61.35,
688,89.74,
5528,79.07,
428,98.68,
5456,69.82,
392,95.24,
5360,65.07,
402,94.9,
5173,40.7,
410,89.91,
4708,79.46,
329,98.95,
4499,47.19,
401,84.6,
4306,43.09,
399,89.6,
4813,50.6,
387,92.53,
5008,79.14,
335,98.23,
4937,83.82,
336,103.53,
4723,86.31,
366,101.93,
4266,84.18,
405,99.55,
3611,87.6,
318,104.5,
3645,94.18,
2918,98.03,
2153,96.27,
1732,85.37,
1157,82,
822,82.47,
728,81.45,
923,77.57,
2037,71,
4170,51.61,
3674,29.22,
649,69.52,
4375,40.08,
434,82.86,
3666,60.48,
361,82.35,
3831,36.01,
384,89.5,
4100,66.98,
357,95.17,
4399,61.69,
346,93.95,
4990,79.13,
317,98.41,
4961,81.99,
293,101.87,
4726,81.66,
320,100.53,
4797,82.87,
322,101.21,
4831,84.61,
302,102.47,
4570,86.57,
351,101.16,
4022,85.87,
397,99.72,
3307,89.67,
320,103.73,
3482,95.08,
2866,98.31,
2175,100.1,
1523,101.82,
1047,101.45,
833,100.8,
779,98.85,
1155,99.38,
2814,96.54,
5311,87.68,
5662,75.06,
678,93.03,
5465,80.88,
422,99.31,
4994,78.43,
353,98.26,
5093,55.34,
437,90.52,
5368,39.85,
411,93.7,
5205,71.67,
368,96.42,
5203,77.11,
367,100.19,
5045,41.38,
402,91.86,
5231,71.1,
380,98.74,
5397,76.81,
436,98.63,
5178,78.49,
369,101.41,
5032,83.18,
441,101.49,
4633,81.05,
490,98.03,
4663,78.58,
498,99.02,
4471,92.29,
3895,94.4,
2669,99.64,
2088,101.28,
1358,102.75,
1135,102.35,
953,101.63,
1282,100.98,
3224,99.2,
4816,87.41,
4456,78.5,
476,95.12,
4162,74.82,
376,91.22,
4743,62.43,
417,93.64,
4944,46.08,
384,93.3,
4852,73.15,
360,95.38,
4900,72.22,
400,96.74,
4592,78.25,
379,97.81,
4952,77.08,
390,98.92,
5189,76.75,
460,97.72,
5065,78.23,
426,99.16,
5060,76.66,
416,99.19,
4390,75.75,
399,91.89,
3645,71.41,
427,92.41,
3254,76.72,
319,98.44,
3380,85.37,
2897,84.31,
2069,94.35,
1332,96.43,
898,94.89,
591,86.64,
562,84.83,
653,89.56,
1293,89.02,
1853,86.9,
2081,66.79,
303,87.04,
2000,70.77,
291,90.36,
2282,75.39,
303,92.74,
2818,69.59,
312,91.98,
3254,43.58,
349,89.83,
3368,50.67,
386,94.93,
3613,46.43,
390,91.29,
4285,46.19,
370,93.86,
5048,75.17,
376,98.59,
4865,77.02,
383,98.51,
4820,81.29,
361,99.85,
4229,86.81,
337,101.73,
3925,84.42,
344,99.99,
3975,85.2,
337,107.55,
4041,96.21,
3553,99.91,
2366,103.24,
1418,102.89,
884,100.12,
678,99.58,
789,100.53,
1777,103.03,
4791,93.15,
6502,51.21,
5703,42.67,
834,71.64,
5797,63.74,
477,94.04,
5573,67.45,
379,96.44,
5533,62.83,
415,93.18,
5421,67.1,
412,94.2,
4019,28.22,
351,89.88,
3531,59.52,
305,96.98,
4845,72.82,
370,94.57,
4551,69.65,
375,90.79,
3794,37.37,
431,79.21,
4335,56.07,
401,89.03,
4286,77.8,
359,96.6,
3882,78.7,
416,97.14,
3799,79.24,
394,99.66,
3259,91.41,
2578,88.84,
1957,85.4,
1470,86.81,
1086,86.23,
823,85.55,
736,83.06,
1116,83.91,
2724,88.58,
5066,75.13,
5080,37.95,
738,77.16,
5120,40.09,
483,84.94,
4607,74.86,
371,94.51,
4831,58.45,
403,90.9,
4861,39.34,
407,89.29,
5167,69.74,
375,95.78,
5260,75.96,
354,97.97,
5002,80.69,
316,99.01,
5124,80.33,
320,99.42,
5230,80.56,
335,98.77,
4881,78.61,
375,97.36,
4703,80.22,
384,97.41,
3998,81.37,
425,97.33,
3746,84.2,
355,102.88,
3406,94.34,
2891,96.97,
2246,101.05,
1650,102.42,
1132,100.64,
792,98.66,
780,97.17,
1313,98.93,
3725,96.39,
6402,76.2,
5969,69.57,
709,90.92,
5871,49.08,
501,92.58,
5307,43.22,
410,94.92,
4897,43.12,
455,92.14,
5311,38.45,
438,91.39,
5234,40.33,
457,93.68,
5125,54.08,
378,96.36,
5157,77.49,
354,98.62,
5033,69.83,
383,95.28,
5010,75.63,
354,97.6,
4811,81.08,
346,99.66,
4571,84.54,
369,102.06,
4255,84.08,
399,99.1,
4248,82.21,
457,99.35,
4017,92.11,
3219,96.22,
2601,99.35,
1717,101.29,
1258,99.99,
854,99.16,
824,96.89,
1374,99.58,
3884,94.99,
6776,79.3,
5938,46.9,
749,83.07,
5805,41.44,
517,91.26,
5446,40.24,
435,94.4,
5356,38.28,
474,91.07,
5325,38.44,
430,91.17,
5296,39.86,
393,94,
5282,56.83,
390,93.74,
5120,77.65,
368,97.36,
5116,77.52,
337,97.06,
5314,75.89,
410,95.25,
5133,80.47,
322,100.64,
4800,82.71,
394,100.43,
4206,82.31,
440,98.88,
4508,78.19,
469,99.26,
4407,91.37,
3547,95.41,
2607,99.45,
1850,100.52,
1282,100.08,
941,98.63,
862,97.47,
1391,98.51,
3546,95.86,
6449,84.51,
5926,60.15,
746,88.02,
5655,36.64,
517,90.27,
5513,32.98,
457,89.86,
5332,39.95,
490,90.85,
5294,39.07,
500,90.77,
5217,39.02,
470,94.8,
5180,38.56,
468,93.34,
5254,46.58,
457,93.5,
5264,51.11,
541,92.61,
5314,40.14,
524,91.85,
5367,70.09,
490,97.41,
5336,77.5,
480,100.03,
4878,76.04,
601,96.22,
4808,73.92,
603,98.04,
5614,79.24,
4777,89.43,
3590,95.79,
2558,100.19,
1738,96.22,
1242,96.85,
1259,95.91,
1837,87.69,
3660,71.57,
5441,74.78,
4105,52.82,
731,75.96,
3947,38.13,
655,80.9,
3596,43.33,
608,91.09,
3643,56,
572,89.64,
3946,75.68,
500,98.3,
4318,74.64,
480,100.52,
4128,80.26,
443,100.67,
4614,79.36,
478,100.82,
4105,85.88,
433,106.12,
4550,86.91,
406,108.49,
4433,88.61,
424,111.42,
4600,88.6,
424,109.1,
3774,90.66,
337,108.41,
3464,88.52,
256,108.45,
3775,98.1,
3137,101.85,
2182,107.01,
1437,107.24,
968,108.48,
671,108.16,
618,108.12,
970,107.42,
2341,107.19,
3311,106.57,
3325,97.39,
318,111.39,
3665,93.59,
249,109.14,
4742,87.88,
288,106.75,
5154,84.77,
323,102.63,
5375,79.28,
366,100.59,
5165,56.45,
428,100.66,
4963,65.44,
372,103.06,
5170,82.16,
407,102.65,
5030,64.23,
408,101.29,
5232,79.14,
371,104.6,
5056,87.15,
350,106.36,
4787,88.19,
355,105.27,
4151,88.48,
320,105.05,
4048,78.44,
295,103.49,
4643,92.52,
3973,97.02,
2897,102.28,
1920,104.72,
1362,104.53,
916,103.62,
891,102.83,
1723,103.93,
4233,99.4,
5935,92.23,
4777,87.46,
363,106.22,
4566,89.54,
274,104.59,
5070,84.89,
314,103.02,
5388,51.6,
343,98.76,
5300,53.58,
386,97.75,
4884,81.41,
354,103.47,
5120,83.11,
303,104.61,
5395,78.43,
358,103.74,
5260,81.43,
345,102.9,
5248,83.04,
339,105.37,
4960,86.38,
338,107.96,
4816,86.96,
360,105.65,
4387,86.91,
339,105.49,
4267,83.33,
331,104.07,
4823,92.17,
3921,97.69,
2655,102.32,
1755,102.81,
1080,103.5,
812,100.74,
911,100.16,
1735,101.64,
4824,95.01,
7123,53.13,
5753,48.12,
775,89.93,
5473,34.49,
573,94.23,
5276,35.8,
400,94.99,
5240,38.72,
435,90.91,
5250,39.98,
392,91.79,
5280,40.6,
417,92.59,
5351,49.74,
388,94.37,
5217,76.72,
367,98.51,
5157,77.54,
352,99.73,
5081,77.34,
365,100,
4934,82.5,
641,91.54,
4781,84.04,
400,100.27,
4276,84.8,
415,100.28,
3682,86.95,
375,101.09,
4442,89.71,
3006,95.9,
2327,98.83,
1639,99.76,
1107,98.43,
907,97.92,
916,96.33,
1473,98.1,
3955,94.4,
6627,80.48,
5847,50.23,
744,82.14,
5673,39.81,
539,89.58,
5440,39.39,
446,86.16,
4923,31.69,
422,86.45,
4998,75.82,
390,94.4,
4912,67.59,
371,95.33,
5123,63.37,
376,95.87,
5282,77.15,
393,96.25,
5114,76.57,
348,99.21,
5110,77.95,
350,99.2,
4965,79.88,
565,90.09,
4794,84.14,
375,101.66,
4387,83.17,
421,99.93,
4158,82.52,
428,99.45,
3796,94.2,
2957,96.4,
2231,99.68,
1637,100.07,
1089,98.05,
829,96.22,
867,97.74,
1433,97.33,
4006,94.08,
6562,75.21,
5605,40.24,
780,80.76,
5821,41.06,
524,89.72,
5468,42.48,
419,92.09,
5573,67.39,
400,92.1,
5100,54.17,
445,90.27,
5097,42.54,
408,90.11,
5199,66.49,
384,95.76,
5120,77.5,
382,98.71,
4987,78.49,
340,99.88,
5091,79.22,
362,99.92,
4952,82.44,
357,100.53,
4677,84.07,
362,102.64,
4201,82.44,
435,98.97,
4138,83.23,
397,101.42,
3796,93.38,
2917,96.5,
2293,99.59,
1598,99.22,
1151,99.37,
907,97.73,
840,97.18,
1427,97.2,
3733,94.71,
6575,76.9,
5096,27.66,
815,63.45,
5421,32.79,
540,87.13,
5278,75.78,
375,95.99,
5488,53.76,
445,90.23,
5366,63.53,
404,94.07,
5284,75.14,
393,97.19,
5254,75.49,
425,98.45,
5195,68.72,
386,97.17,
5289,76.32,
387,98.89,
5336,77.62,
375,100.03,
5362,80.69,
415,99.89,
5284,78.95,
412,99.59,
4622,80.05,
525,99.05,
4585,78.89,
466,100.18,
4691,90.92,
3590,95.74,
2696,99.31,
1941,100.35,
1441,100.09,
1020,99.68,
987,98.84,
1662,91.33,
3782,85.37,
5686,78.7,
4988,79.71,
522,96.39,
4524,86.35,
333,100.49,
5210,81.28,
394,99.21,
5514,74.18,
382,96.94,
5249,77.27,
411,99.76,
4667,70.61,
371,93.95,
3961,42.4,
381,81.21,
4124,77.34,
377,98.08,
5045,80.19,
389,100.85,
5058,73.34,
410,98.18,
4978,75.8,
389,97.97,
3645,46.48,
401,82,
3053,76.5,
353,95.9,
2928,74.62,
311,95.17,
3044,90.94,
2563,96.16,
1814,98.27,
1157,97.85,
820,96.97,
585,99.09,
597,96.17,
913,100.33,
2226,100.92,
2981,102.45,
2843,97.32,
263,104.55,
3058,95.99,
265,93.75,
3919,91.96,
310,85.63,
4571,88.87,
310,101.12,
4318,86.42,
269,100.02,
4254,91.84,
267,99.95,
4796,88.76,
309,100.67,
5085,86.77,
327,102.58,
5023,87.33,
281,104.19,
4834,88.01,
313,104.02,
4698,88.88,
501,98.01,
4506,89.3,
326,103.48,
4212,88.29,
361,103.38,
4404,86.21,
319,104.16,
4953,92.87,
4175,96.64,
2808,102.56,
1604,103.95,
1045,101.66,
736,99.99,
959,100.63,
2047,102.03,
4606,65.24,
6806,41.89,
5849,41.73,
881,76.62,
6072,42.05,
524,85.85,
5533,40.36,
440,80.04,
5534,53.61,
378,89.52,
5018,78.92,
342,95.97,
5025,79.19,
308,98.11,
5264,75.33,
355,97.94,
5172,76.15,
362,98.05,
4979,79.13,
388,98.62,
4916,80.52,
324,101.28,
4789,83.61,
367,100.04,
4749,85.46,
384,101.47,
4143,84.52,
383,99.84,
3900,86.36,
380,102.4,
3452,94.2,
2682,97.51,
1944,100.38,
1381,98.89,
1011,97.03,
789,95.72,
831,95.83,
1350,97.49,
3809,94.99,
6658,84.47,
5908,53.62,
719,92.05,
5975,42.89,
494,87.19,
4764,39.77,
423,79.9,
4359,38.37,
397,88.39,
4156,39.85,
371,93.37,
4157,37.66,
381,91.81,
4072,39.99,
371,92.12,
4133,42.04,
366,96.12,
4113,42.3,
338,96.01,
4385,42,
371,95.89,
4896,83.49,
307,102.79,
4658,85.58,
369,102.26,
4148,85.24,
412,99.59,
4035,83.92,
378,100.46,
3539,91.6,
2788,89.07,
2068,98.42,
1508,100.4,
1086,97.34,
770,97,
779,96.03,
1297,97.03,
3511,96.18,
6472,84.79,
5848,67.2,
678,92.34,
6068,43.66,
482,86.45,
4616,40.27,
384,83.38,
4252,38.69,
373,91.06,
4152,37.68,
345,92.1,
3936,39.14,
374,92.32,
4087,40.86,
319,95.72,
4041,41.15,
325,97.18,
4337,46.44,
348,94.87,
4639,76.64,
328,98.92,
4702,84.14,
326,99.47,
4494,85.06,
364,100.35,
3919,81.54,
423,100,
3698,85.04,
420,100.91,
3056,94.19,
2303,94.77,
1755,90.93,
1160,93.26,
949,89.06,
595,79.75,
649,83.09,
877,87.63,
2174,89.47,
5110,86.18,
5289,74.19,
646,92.11,
5280,75.74,
427,91.73,
4914,71.58,
350,93.75,
5088,79.62,
321,98.51,
5135,76.57,
308,96.58,
4595,81.82,
286,99.24,
4554,81.65,
287,100.19,
4527,78.51,
318,99.21,
4663,83.65,
282,99.59,
4757,81.23,
301,99.79,
4779,81.96,
299,99.93,
4514,87.02,
373,100.67,
3824,86.86,
376,100.66,
2925,81.39,
310,100.33,
3386,85.97,
2708,88.84,
1918,88.97,
1501,90.63,
1138,89.09,
762,89.51,
764,90.14,
1367,91.67,
3544,92.03,
5827,76.24,
5920,43.09,
759,87.02,
5941,44.2,
489,92.21,
5521,67.53,
361,94.21,
5291,75.27,
407,95.71,
5167,78.34,
360,96.44,
5262,75.72,
354,97.45,
5222,77.61,
337,97.4,
5124,78.18,
359,99.59,
5023,78.59,
360,100,
5321,77.95,
376,100.12,
5231,81.82,
381,100.51,
5190,80.27,
432,99.91,
4648,81.45,
464,99.8,
4705,79.71,
467,99.35,
4718,90.66,
3400,96.47,
2544,98.6,
1883,89.57,
1427,89.64,
1050,87.82,
1003,90.59,
1540,94.56,
3473,92.66,
5085,91.88,
3782,91.04,
371,100.18,
3496,91.26,
293,99.23,
4443,77.91,
354,94.66,
5135,70.47,
400,94.68,
5091,76.3,
351,97.96,
5097,82.18,
338,100.9,
4531,82.53,
349,100.35,
4695,76.08,
366,97.38,
4417,47.05,
379,84.22,
4703,70.68,
409,93.4,
4601,75.3,
382,95.21,
4235,81.48,
355,98.78,
3369,72.28,
355,94.45,
3019,85.79,
255,104.68,
3052,93.8,
2529,95.99,
1724,98.59,
1317,98.25,
833,93.44,
622,86.57,
568,88.96,
874,87.61,
1989,94.83,
2820,100.16,
2548,97.29,
278,105.24,
2606,95.99,
222,100.81,
3395,92.06,
255,102.73,
4238,88.7,
273,101.6,
4591,87.36,
262,103.33,
4637,85.29,
294,102.53,
4874,84.08,
316,101.08,
5105,84.11,
313,102.13,
5341,84.62,
312,102.5,
5220,85.36,
331,102.37,
4893,85.85,
281,103.34,
4349,89.61,
276,103.14,
4173,78.08,
340,101.33,
4274,77.8,
325,103.14,
4881,91.51,
4124,97.93,
2536,102.75,
1421,102.79,
984,102.4,
704,100.22,
925,101.43,
2050,101.97,
5472,84.22,
6767,41.58,
5842,44.43,
848,78.2,
5884,43.04,
520,91.25,
4966,41.11,
389,93.14,
4570,27.72,
377,92.04,
4492,28.6,
379,90.74,
4375,27.44,
352,92.56,
4410,30.73,
348,92.35,
4540,30.01,
331,93.36,
4245,27.43,
366,93.34,
4464,29.34,
343,93.26,
4652,30.18,
384,95.4,
4673,64.34,
392,98.46,
4089,83.79,
417,100.94,
3920,85.04,
387,101.13,
3637,93.64,
2519,89.1,
141,92.66,
1781,88.49,
1269,90.79,
904,90.4,
829,89.56,
1432,90.75,
3849,93.26,
6144,84.79,
5675,59.85,
667,92.78,
5673,43.76,
456,92.98,
5403,45.39,
384,94.54,
5473,53.05,
402,92.6,
5474,56.77,
430,93.95,
5236,74.21,
323,96.47,
5153,77.68,
290,99.22,
5023,79.6,
335,98.72,
4854,79.74,
333,98.33,
4956,80.03,
331,97.71,
4740,81.88,
340,100.59,
4455,86.71,
349,101.37,
3727,89.3,
384,100.61,
3675,85.1,
336,99.8,
3433,94.29,
2883,96.36,
2321,98.62,
1632,100.23,
1165,97.95,
834,97.28,
832,96.64,
1323,97.01,
3866,95.64,
6390,78.71,
5696,52.86,
715,89.87,
5796,42.48,
462,94.45,
5485,42.11,
375,96,
5364,67.37,
361,93.25,
5285,69.7,
366,98.3,
5234,64.65,
396,92.87,
5012,78.32,
330,100.31,
4555,81.63,
325,101.56,
5012,76.09,
333,100.38,
4962,79.51,
340,100.07,
4714,84.71,
340,102.27,
4570,85.79,
386,101.43,
4451,86.11,
419,99.42,
3873,85.32,
357,99.21,
3940,93.41,
3292,96.34,
2478,99.66,
1811,101.23,
1297,100.43,
854,98.33,
870,99.2,
1412,98.06,
3650,97.54,
6490,81.7,
5862,48.3,
740,85.41,
4875,33.52,
491,87.77,
5320,57.3,
395,89.21,
5131,38.75,
410,86.23,
5092,30.92,
439,87.54,
5372,61.69,
383,94.87,
5396,75.49,
343,97.54,
5259,70.37,
379,94.81,
5050,79.75,
386,99.21,
5246,79.29,
389,96.66,
5317,79.64,
423,97.69,
5345,80.65,
426,99.09,
4830,79.12,
511,95.79,
4327,77.49,
509,98.18,
5483,81.89,
4115,94.04,
3252,94.63,
2383,95.25,
1715,93.22,
1288,93.51,
1164,94.19,
1897,96.45,
3896,95.49,
5892,88.38,
5628,70.05,
599,96.43,
5549,56.17,
476,92.83,
5272,80,
450,94.94,
5380,77.09,
463,96.48,
5495,76.1,
447,96.61,
5267,78.25,
409,98.73,
5380,64.87,
436,97.86,
5122,66.9,
424,101.32,
5385,64.2,
496,96.45,
5266,45.43,
487,95.42,
5227,80.84,
429,102.35,
5041,82.13,
400,101.8,
4732,85.65,
384,100.62,
4020,85.53,
309,103.01,
4630,89.8,
3936,95.16,
2872,100.27,
1807,103.23,
1200,105.15,
896,103.18,
742,104.37,
1086,104.78,
2339,106.21,
3264,102.42,
3036,97.75,
312,104.05,
3404,95.31,
268,101.35,
4286,88.71,
326,101,
5026,85.08,
328,101.05,
5128,84.04,
312,99.58,
4971,87.62,
312,102.38,
5145,71.77,
346,100.63,
5223,72.07,
367,100.15,
5333,81.04,
392,100.34,
5344,81.24,
390,102.46,
5123,83.23,
375,101.7,
5141,84.52,
455,100.48,
5047,85.54,
384,100.18,
4941,73.69,
414,99.97,
5852,87.57,
5225,91.37,
3352,100.29,
1770,103.39,
1094,102.42,
821,101.1,
917,101.01,
2210,102.88,
5959,89.44,
7099,57.78,
5810,47.84,
864,83.02,
5856,45.17,
540,92.54,
5528,74.48,
373,96.56,
5551,54.9,
373,91.73,
5402,65.71,
386,93.83,
5218,76.74,
347,97.04,
5338,78.73,
322,99.99,
5010,79.34,
303,100.68,
5252,74.09,
326,99.59,
4900,81.91,
320,101.65,
4902,84.43,
320,100.14,
4792,86.77,
363,103.5,
4305,87.34,
382,98.65,
3986,84.85,
361,98.96,
3604,94.76,
3032,97.34,
2183,99.75,
1532,99.74,
1108,100.09,
882,97.44,
835,96.49,
1379,97.37,
3958,94.23,
6440,87.55,
6027,61.84,
704,92.19,
5876,42.36,
479,94.02,
5669,48.64,
416,92.95,
5573,66.08,
367,92.65,
5405,72.82,
400,96.53,
5163,75.75,
365,96.79,
5072,81.12,
329,100.26,
5108,80.01,
338,100,
5057,79.23,
310,100.53,
4975,81.63,
338,102.25,
4961,84.36,
344,102.91,
4676,87.7,
344,101.82,
4330,86.67,
425,98.27,
3771,87.16,
323,101.25,
3657,93.98,
3017,97.03,
2345,100.41,
1612,101.16,
1210,98.94,
824,97.47,
851,97.26,
1298,97.75,
3704,97.27,
6422,85.21,
5979,59.01,
709,87.63,
5823,41.34,
500,89.44,
5626,45.37,
416,92.33,
5120,74.03,
372,95.4,
4916,73.71,
366,96.08,
4872,77.82,
330,96.57,
5172,72.5,
352,97.09,
4827,80.97,
327,100.58,
4284,35.23,
388,92.38,
4902,61.43,
326,98.16,
4892,83.04,
336,102.51,
4584,87.3,
344,102.3,
4187,87.77,
385,99.49,
3974,83.83,
390,99.56,
3703,94.66,
3192,96.74,
2418,100.15,
1603,101.66,
1180,99.36,
841,99.04,
811,97.18,
1316,97.21,
3893,97.23,
6570,85.55,
5972,44.77,
733,85.2,
5911,52.93,
486,88.67,
5720,57.72,
428,84.82,
5563,43.83,
405,88.74,
5242,72.59,
342,95,
5085,77.92,
366,95.62,
5225,77.83,
320,99.92,
5096,77.46,
326,99.05,
3662,30.26,
364,94.45,
5013,73.81,
313,100.3,
5012,83.77,
338,99.21,
4787,86,
345,101.24,
4312,86.48,
422,100.04,
3948,84.85,
352,100.65,
4012,92.7,
3243,96.68,
2560,100.23,
1770,100.81,
1252,98.87,
835,97.33,
786,94.78,
1381,96.88,
3332,93.65,
6030,85.22,
5836,70.34,
717,91.76,
5674,75.63,
438,97,
5388,75.84,
352,97.74,
5587,67.87,
404,93.41,
5469,76.65,
375,96.8,
5239,79.41,
356,99.36,
5415,74.32,
333,96.99,
5171,76.87,
378,99.1,
5335,77.35,
364,98.84,
5416,79.4,
381,102.98,
5399,79.76,
443,100.32,
5088,84.24,
441,103.29,
4711,83.89,
497,98.53,
4619,79.01,
487,99.36,
5072,88.83,
4092,94.91,
3123,98.1,
2300,100.74,
1580,101.77,
1171,102.04,
1102,99.23,
1715,100.26,
4002,99.14,
5779,91.41,
5763,74.97,
540,97.67,
5440,77.97,
405,87.71,
5523,73.68,
430,95.88,
5482,74.62,
438,94.19,
5439,78.57,
420,99.78,
5417,74.58,
398,98.64,
5377,80.99,
439,100.43,
5412,77.52,
449,99.49,
5471,71.42,
483,99.02,
5144,75.64,
428,98.65,
5471,77.73,
445,100.14,
4963,84.57,
432,100.3,
4712,84.11,
390,99.17,
4099,86.73,
294,104.57,
4592,91.95,
3943,95.16,
2788,100.22,
1762,104.26,
1131,104.61,
818,104.65,
689,101.77,
1060,102.94,
2307,106.53,
3161,102.82,
2961,97.57,
316,104.2,
3354,94.96,
264,102.7,
4152,89.24,
291,103.61,
5016,86.29,
309,100.79,
5044,86.64,
291,101.19,
5166,85.24,
321,102.33,
5206,85.54,
335,102.57,
5091,64.17,
391,97.94,
4920,36.78,
436,95.08,
4941,67.98,
391,95.86,
4849,64.4,
372,96.37,
4711,76.45,
428,95.75,
4664,76.09,
419,94.13,
4661,73.94,
415,98.9,
5546,87.05,
4772,91.53,
3283,97.92,
1921,91.58,
1020,87.77,
768,86.15,
922,87.76,
1795,90.14,
4692,77.82,
6668,42.97,
5314,44.8,
851,73.12,
5470,47.22,
475,87.73,
4672,57.22,
423,89.54,
4934,45.56,
408,88.04,
4300,71.75,
342,94.2,
4520,71.99,
347,93.15,
4410,75.21,
348,95.86,
4365,75.18,
347,94.68,
4543,75.88,
333,96.07,
4577,76.23,
350,95.52,
4392,78.84,
320,96.79,
4177,81.76,
355,97.35,
3691,78.38,
407,93.86,
3653,76.93,
366,96.91,
3531,91.6,
2767,94.74,
2127,95.54,
1406,88.25,
1084,86.4,
820,85.18,
842,85.41,
1172,87,
3060,87.03,
6023,76.28,
5668,56.31,
721,90.62,
5811,41.93,
484,92.57,
5514,49.68,
380,95.69,
5553,76.06,
351,96.9,
5490,67.57,
361,97.25,
5075,76.04,
342,98.14,
5161,80.85,
304,99.95,
5146,75.84,
319,100.42,
5276,80,
325,99.15,
5143,80.83,
354,100.81,
4916,82.04,
363,99.67,
4497,86.32,
349,101.44,
4047,85.31,
391,99.18,
3962,84.9,
345,101.27,
3609,95.03,
2963,96.83,
2244,99.79,
1702,99.35,
1316,93.43,
895,94.3,
874,92.81,
1474,98.79,
4090,95.89,
6531,80.73,
5951,46.23,
730,86.7,
6029,45.26,
440,94.22,
5634,53.87,
438,87.96,
5629,47.3,
433,91.42,
4879,43.3,
422,90.91,
4557,35.89,
357,96.08,
5152,69.01,
327,98.78,
5258,75.66,
335,99.9,
5209,79.37,
326,101.17,
5190,79.93,
330,101.65,
5174,80.62,
426,95.14,
4760,85.65,
541,96.74,
4309,86.2,
400,99.14,
3901,85.14,
332,100.97,
3841,93.11,
3176,96.23,
2622,99.18,
1729,100.78,
1295,100.13,
891,97.94,
857,97.6,
1425,99.53,
4042,97.07,
6699,77.41,
5975,67,
764,89.04,
5952,44.04,
503,88.1,
5348,62.53,
405,88.96,
4540,45.47,
421,90.03,
4309,49.24,
391,93.44,
4290,42.79,
359,95.05,
4247,42.82,
362,96.25,
4239,41.58,
384,97.17,
4308,45.81,
370,97.45,
4383,43.01,
365,97.78,
4705,46.18,
372,98.01,
4813,84.46,
378,101.86,
4387,86.88,
412,99.82,
4233,82.25,
375,101.63,
4020,93.86,
3280,96.22,
2620,99.32,
1750,100.4,
1234,100.37,
890,97.62,
843,98.22,
1437,97.63,
3939,96.29,
6519,86.55,
6009,56.77,
731,89.19,
5815,41.52,
485,90.29,
5569,43.52,
426,86.94,
5551,59.52,
375,92.14,
5417,57.37,
421,91.42,
5352,50.97,
390,92.92,
5207,75.8,
373,97.56,
5209,73.65,
428,98.36,
5353,76.72,
375,99.31,
5517,76.27,
449,99.42,
5297,78.59,
416,100.42,
5214,82.22,
393,101.61,
4949,82.24,
520,98.98,
4607,78.33,
511,98.44,
5434,87.06,
4045,94.82,
3223,97.44,
2343,99.59,
1644,101.32,
1181,101.17,
1111,100.32,
1737,100.5,
3904,97.22,
6000,88.92,
5812,69.68,
577,94.62,
5156,83.66,
434,98.81,
5391,80.84,
430,97.78,
5521,76.32,
418,98.27,
5410,52.1,
424,94.34,
5219,74.34,
354,101.43,
5360,76.15,
405,99.46,
5319,48.99,
455,97.72,
5272,74.62,
444,101.03,
5198,79.14,
439,101.03,
5425,79.09,
471,96.23,
4994,80.42,
668,94.6,
4701,83.72,
382,100.67,
4161,82.92,
331,103.66,
4609,90.52,
4090,93.73,
2838,100.18,
1852,103.34,
1190,104.45,
820,104.59,
721,100.79,
1007,102.73,
1812,100.8,
2421,74.77,
2397,74.77,
298,89.46,
2694,77.52,
293,92.92,
3730,85.52,
301,103.3,
4605,85.08,
320,100.75,
5051,87.46,
286,102.05,
4983,90,
276,102.61,
5382,86.02,
326,100.92,
4971,85.29,
348,102.94,
5379,79.62,
384,100.65,
5187,83.81,
358,102.54,
5080,85.33,
370,101.63,
4800,87.63,
353,101.34,
4817,85.67,
372,101.43,
4756,78.94,
376,102.97,
5448,91.65,
4526,95.56,
2750,102.24,
1615,102.55,
1021,101.86,
774,96.01,
934,94.39,
1952,97.64,
5133,85.75,
7094,56.87,
5881,48.09,
790,76.96,
5183,43.8,
464,85.93,
4655,56.69,
370,89.07,
4757,68.91,
407,89.81,
5032,73.9,
388,96.92,
5194,77.67,
339,97.52,
5131,80.64,
322,98.31,
5149,78.44,
342,99.23,
5186,77.34,
357,97.76,
5101,80.07,
321,98.2,
4843,85.02,
310,100.74,
4753,86.8,
371,99.54,
4323,85.64,
427,99.35,
3319,90.33,
284,103.65,
3526,95.48,
2756,97.77,
2096,100.51,
1453,100.8,
1136,99.2,
873,98.36,
799,99.98,
1510,99.49,
4024,97.08,
6769,79.61,
5910,45.22,
734,87.43,
5936,42.87,
456,92.98,
4660,37.74,
401,89.85,
4476,35.5,
400,90.32,
4382,35.29,
414,91.78,
4248,35.97,
351,93.46,
4371,36.82,
328,94.16,
4228,37.38,
336,93.26,
4299,36.05,
338,96.52,
4371,40.7,
330,96.32,
5011,63.55,
348,98.02,
4877,87.11,
383,101.51,
4382,86.47,
421,98.74,
3932,85.28,
388,100.17,
3729,95.1,
3177,96.7,
2381,100.07,
1627,100.99,
1201,98.95,
883,99.13,
811,97.14,
1374,97.91,
3492,86.7,
5124,57,
4315,37.9,
792,69.92,
4900,41.08,
505,82.03,
4891,58.75,
459,85.09,
4966,68.09,
375,91.78,
4958,72.45,
454,92.92,
4810,74.05,
376,95.83,
4959,67.71,
368,94.49,
4453,71.44,
384,92.28,
4633,71.34,
355,94.65,
4711,77.94,
397,95.31,
4847,82.33,
346,99.04,
4644,84.87,
365,98.78,
4266,84.02,
408,98.76,
3627,87.29,
364,103.24,
3578,95.16,
3038,97.74,
2365,100.79,
1588,100.63,
1111,101.24,
832,97.95,
775,96.03,
1142,96.91,
3161,97.02,
5789,81.61,
5760,69.39,
740,88.58,
5490,42.46,
512,89.94,
5221,64.79,
405,93.8,
5198,67.91,
410,91.83,
5173,68.95,
367,91.54,
4880,72.46,
365,92.51,
4740,73.02,
338,92.11,
4195,54.74,
406,86.24,
3712,38.17,
362,82.26,
3772,37.96,
368,80.48,
3793,38.1,
347,82.45,
3863,38.47,
445,80.6,
3414,62.68,
426,86.64,
3430,67.39,
423,90.85,
3716,84.26,
2792,87.26,
2341,90.75,
1683,92.92,
1176,92.47,
868,89.5,
786,92.8,
1162,96.5,
2938,97.62,
5918,89.2,
5681,68.41,
678,94.53,
5555,44.1,
459,91.3,
5311,75.82,
355,96.04,
5512,65.32,
398,94.17,
5129,78.42,
365,98.8,
5045,72.15,
375,95.26,
5190,72.56,
390,97.63,
5192,74.86,
371,97.65,
5395,61.02,
464,94.97,
5389,76.78,
377,98.92,
4996,77.64,
432,98.99,
4905,80.85,
422,99.01,
4733,79.05,
483,96.66,
4635,77.74,
526,99.78,
4857,90.2,
3923,93.15,
2902,98.43,
2191,101.12,
1554,102.01,
1197,102.1,
1064,101.45,
1687,102.34,
3834,97.89,
5817,89.97,
5296,81.72,
499,98.89,
4847,85.31,
400,100.23,
5544,75.46,
385,98.19,
5479,59.28,
481,94.04,
5390,76.95,
416,98.67,
5229,80.27,
390,99.9,
5057,81.92,
389,101.39,
5423,65.14,
423,98.4,
5261,72.23,
431,100.35,
5373,80.25,
451,99.89,
5257,79.91,
415,101.53,
5126,82.39,
469,98.33,
4599,84.82,
373,101.06,
4103,84.57,
332,103.94,
4507,91.14,
3767,95.9,
2717,101.11,
1815,105.55,
1149,105.71,
831,105.04,
679,104.49,
995,105.15,
2393,105.05,
3445,102.94,
3257,97.48,
311,105.2,
3382,94.96,
263,102.22,
3953,92.43,
287,96.44,
5129,85.52,
319,100.76,
5370,84.66,
302,100.56,
5080,84.77,
317,101.34,
5198,82.28,
344,101.59,
5256,82.07,
373,100.41,
5293,79.83,
403,100.01,
5156,80.49,
392,100.29,
4910,83.96,
383,102.06,
5058,80.89,
387,99.68,
4762,81.18,
417,99.54,
4992,79.8,
404,101.64,
5561,89.06,
5028,91.89,
3136,100.8,
1725,104.27,
1077,102.44,
822,99.61,
1051,91.17,
2149,98.23,
5551,86.64,
6777,43.48,
5427,37.68,
872,72.02,
5771,44.35,
476,94.33,
5317,75.72,
379,97.12,
5586,69.02,
430,93.86,
5180,62.68,
379,93.21,
4993,71.83,
387,95.21,
4953,69.85,
384,95.22,
4879,79.02,
330,97.65,
5156,78.26,
336,97.97,
5269,81.59,
329,99.59,
4922,84.84,
316,100.73,
4838,85.79,
398,100.25,
4211,84.78,
392,98.45,
3708,86.45,
358,102,
3768,92.5,
2909,96.24,
2054,100.39,
1478,99.05,
1091,99.54,
859,97.7,
779,97.92,
1206,98.43,
3505,96.33,
6407,88.83,
5805,55.09,
655,92.74,
5341,38.75,
437,90.98,
5155,37.91,
408,91.08,
5090,38.81,
382,90.71,
5225,61.89,
406,92.8,
5030,67.67,
386,95.92,
5054,70.52,
345,96.22,
4710,44.85,
358,96.55,
4658,73.71,
379,97.02,
4869,78.71,
361,97.12,
4923,81.03,
344,100.26,
4347,85.63,
357,102.26,
4202,85.03,
425,99.79,
4146,81.58,
410,102.16,
3714,95.03,
3208,97.03,
2504,93.84,
1758,92.94,
1183,93.02,
882,86.9,
822,83.77,
1210,83.91,
2759,79.1,
5132,61.85,
5107,40.47,
777,71.15,
5523,42.91,
486,91.47,
5248,42.49,
437,91.7,
5366,53.96,
415,92.27,
5025,53.41,
436,91.21,
5073,68.92,
352,97.8,
5184,76.26,
336,97.09,
5232,75.5,
367,98.25,
5063,79.46,
370,98.17,
5157,79.43,
381,97,
4571,81.14,
346,98.91,
4253,73.8,
384,94.38,
3829,80.35,
411,97.71,
3824,76.71,
381,98.22,
3784,86.1,
3141,90.31,
2422,93.91,
1639,91.16,
1152,88.47,
901,86.13,
821,85.84,
1250,90.04,
3274,92.32,
6223,86.59,
5865,73.49,
682,93.54,
5792,72.98,
467,94.31,
5311,62.53,
412,95.39,
5323,39.55,
422,93.65,
5365,39.94,
435,92.56,
5424,60.23,
395,95.62,
5350,77.38,
362,98.35,
5333,69.4,
378,97.74,
5090,79.58,
330,99.2,
5177,81.01,
325,100.08,
5067,83.27,
361,101.27,
4768,85.41,
380,100.9,
4387,84.51,
416,99.07,
3864,85.18,
336,103.31,
3902,93.56,
3334,96.85,
2516,100.37,
1826,102.11,
1275,101.59,
902,99.85,
887,97.36,
1450,98.47,
3825,96.18,
6495,85.73,
5873,54.35,
715,87.71,
5801,41.99,
479,93.51,
5298,66.07,
383,97.29,
5480,57.82,
495,91.27,
5388,39.18,
435,93.18,
5433,52.36,
442,92.76,
5288,58.55,
447,92.97,
5304,46.1,
466,94.47,
5403,72.04,
467,95.61,
5457,63.43,
483,95.89,
5300,58.74,
482,95.58,
5395,72.77,
480,99.53,
4850,77.34,
550,95.98,
4669,74.47,
570,97.86,
5683,80.67,
4578,91.17,
3838,94.61,
